event_id,timestamp,location_id,event_type,severity,affected_hospitals,estimated_patients,blood_demand_multiplier,duration_hours
EVT_0001,2024-01-02 02:45:00,BB_005,blood_bank_failure,Minor,"HOSP_017,HOSP_002,HOSP_026,HOSP_009",6,1.0,5
EVT_0002,2024-01-03 10:00:00,SECTOR_08,road_accident,Moderate,"HOSP_030,HOSP_028,HOSP_003",22,1.52,10
EVT_0003,2024-01-04 04:00:00,CORRIDOR_CENTRAL,transport_disruption,Moderate,"HOSP_010,HOSP_006,HOSP_025",33,1.0,13
EVT_0004,2024-01-05 08:00:00,METRO_DISTRICT_A,disease_spike,Minor,"HOSP_015,HOSP_026,HOSP_012,HOSP_019",10,1.17,2
EVT_0005,2024-01-10 22:30:00,METRO_DISTRICT_B,surgery_surge,Severe,"HOSP_011,HOSP_009,HOSP_017,HOSP_024,HOSP_002",38,2.13,15
EVT_0006,2024-01-12 02:00:00,METRO_DISTRICT_D,surgery_surge,Severe,"HOSP_023,HOSP_008,HOSP_019,HOSP_021,HOSP_007",53,2.29,13
EVT_0007,2024-01-12 00:30:00,SECTOR_13,road_accident,Minor,"HOSP_022,HOSP_004",12,1.2,5
EVT_0008,2024-01-16 17:30:00,BB_008,blood_bank_failure,Moderate,"HOSP_017,HOSP_001,HOSP_016",18,1.0,16
EVT_0009,2024-01-25 18:00:00,METRO_DISTRICT_A,disease_spike,Critical,"HOSP_013,HOSP_024,HOSP_029",120,3.25,41
EVT_0010,2024-01-30 04:15:00,SECTOR_02,road_accident,Minor,"HOSP_011,HOSP_008,HOSP_029",12,1.21,5
EVT_0011,2024-02-01 06:45:00,METRO_DISTRICT_B,disease_spike,Moderate,"HOSP_020,HOSP_008,HOSP_029,HOSP_010,HOSP_023,HOSP_014",33,1.54,8
EVT_0012,2024-02-04 16:30:00,SECTOR_07,road_accident,Minor,"HOSP_030,HOSP_025",7,1.31,5
EVT_0013,2024-02-05 02:15:00,METRO_DISTRICT_A,surgery_surge,Moderate,"HOSP_018,HOSP_026,HOSP_022,HOSP_013,HOSP_021,HOSP_012",34,1.65,15
EVT_0014,2024-02-05 14:15:00,SECTOR_07,industrial_accident,Severe,"HOSP_022,HOSP_008,HOSP_029",52,1.98,21
EVT_0015,2024-02-09 06:00:00,BB_009,blood_bank_failure,Minor,"HOSP_017,HOSP_023,HOSP_027,HOSP_011",4,1.0,4
EVT_0016,2024-02-09 06:15:00,SECTOR_06,industrial_accident,Moderate,"HOSP_011,HOSP_026",35,1.52,13
EVT_0017,2024-02-14 12:00:00,SECTOR_03,mass_casualty,Minor,"HOSP_022,HOSP_027,HOSP_019",10,1.15,6
EVT_0018,2024-02-16 15:00:00,SECTOR_03,road_accident,Moderate,"HOSP_007,HOSP_013",31,1.42,16
EVT_0019,2024-02-17 16:30:00,SECTOR_14,road_accident,Severe,"HOSP_022,HOSP_009",39,1.98,14
EVT_0020,2024-02-17 19:30:00,BB_001,blood_bank_failure,Moderate,"HOSP_027,HOSP_004,HOSP_029,HOSP_014",25,1.0,18
EVT_0021,2024-02-18 19:45:00,SECTOR_04,road_accident,Minor,"HOSP_007,HOSP_008,HOSP_009",3,1.23,3
EVT_0022,2024-02-23 15:15:00,BB_005,blood_bank_failure,Critical,"HOSP_025,HOSP_018",95,1.0,49
EVT_0023,2024-02-25 07:00:00,SECTOR_05,road_accident,Severe,"HOSP_022,HOSP_027,HOSP_029",41,1.75,35
EVT_0024,2024-02-27 14:00:00,BB_007,blood_bank_failure,Moderate,"HOSP_003,HOSP_029,HOSP_017",30,1.0,6
EVT_0025,2024-02-28 12:30:00,SECTOR_01,road_accident,Minor,"HOSP_022,HOSP_025",11,1.22,6
EVT_0026,2024-02-28 05:00:00,METRO_DISTRICT_A,surgery_surge,Minor,"HOSP_015,HOSP_003,HOSP_004,HOSP_029,HOSP_025",3,1.16,2
EVT_0027,2024-03-03 12:15:00,SECTOR_05,industrial_accident,Moderate,"HOSP_007,HOSP_003",35,1.69,9
EVT_0028,2024-03-03 18:15:00,SECTOR_14,mass_casualty,Moderate,"HOSP_011,HOSP_021",31,1.4,8
EVT_0029,2024-03-09 09:00:00,METRO_DISTRICT_D,surgery_surge,Moderate,"HOSP_007,HOSP_002,HOSP_003,HOSP_027,HOSP_006",18,1.36,10
EVT_0030,2024-03-13 10:15:00,METRO_DISTRICT_A,disease_spike,Minor,"HOSP_028,HOSP_017,HOSP_029,HOSP_025,HOSP_007",6,1.21,5
EVT_0031,2024-03-14 07:00:00,CORRIDOR_CENTRAL,transport_disruption,Severe,"HOSP_002,HOSP_015,HOSP_004",50,1.0,20
EVT_0032,2024-03-24 05:30:00,SECTOR_03,mass_casualty,Severe,"HOSP_030,HOSP_011,HOSP_029",40,1.99,31
EVT_0033,2024-04-03 10:15:00,SECTOR_05,industrial_accident,Moderate,"HOSP_022,HOSP_011,HOSP_003",30,1.55,15
EVT_0034,2024-04-03 12:15:00,SECTOR_02,mass_casualty,Minor,"HOSP_030,HOSP_025",12,1.35,5
EVT_0035,2024-04-04 21:15:00,METRO_DISTRICT_D,surgery_surge,Moderate,"HOSP_011,HOSP_028,HOSP_018,HOSP_014,HOSP_025,HOSP_029",24,1.63,13
EVT_0036,2024-04-06 21:45:00,METRO_DISTRICT_A,natural_disaster,Minor,"HOSP_002,HOSP_024,HOSP_025",12,1.16,3
EVT_0037,2024-04-07 00:45:00,METRO_DISTRICT_A,surgery_surge,Moderate,"HOSP_015,HOSP_017,HOSP_001,HOSP_010,HOSP_024",13,1.5,15
EVT_0038,2024-04-10 03:15:00,METRO_DISTRICT_B,natural_disaster,Moderate,"HOSP_007,HOSP_001,HOSP_014",23,1.57,16
EVT_0039,2024-04-10 23:30:00,SECTOR_10,road_accident,Moderate,"HOSP_030,HOSP_008,HOSP_009",12,1.35,18
EVT_0040,2024-04-11 14:00:00,METRO_DISTRICT_B,surgery_surge,Critical,"HOSP_012,HOSP_009,HOSP_020,HOSP_021,HOSP_008",185,3.11,26
EVT_0041,2024-04-12 16:00:00,SECTOR_13,mass_casualty,Severe,"HOSP_011,HOSP_028,HOSP_027",38,1.93,25
EVT_0042,2024-04-12 02:15:00,SECTOR_04,mass_casualty,Minor,"HOSP_011,HOSP_026,HOSP_024",7,1.22,6
EVT_0043,2024-04-14 00:45:00,SECTOR_04,road_accident,Minor,"HOSP_030,HOSP_018",9,1.2,6
EVT_0044,2024-04-18 14:45:00,CORRIDOR_EAST,transport_disruption,Severe,"HOSP_018,HOSP_011",69,1.0,18
EVT_0045,2024-04-19 17:30:00,CORRIDOR_SOUTH,transport_disruption,Minor,"HOSP_004,HOSP_002,HOSP_011",8,1.0,5
EVT_0046,2024-04-21 02:30:00,SECTOR_06,road_accident,Moderate,"HOSP_007,HOSP_020,HOSP_027",25,1.63,6
EVT_0047,2024-04-22 08:45:00,SECTOR_14,road_accident,Minor,"HOSP_007,HOSP_029,HOSP_018",6,1.28,2
EVT_0048,2024-04-23 10:30:00,CORRIDOR_WEST,transport_disruption,Moderate,"HOSP_025,HOSP_010",18,1.0,8
EVT_0049,2024-04-23 01:00:00,SECTOR_11,mass_casualty,Minor,"HOSP_007,HOSP_018,HOSP_010",12,1.25,2
EVT_0050,2024-04-26 01:45:00,CORRIDOR_CENTRAL,transport_disruption,Critical,"HOSP_013,HOSP_004",124,1.0,27
EVT_0051,2024-04-28 21:15:00,CORRIDOR_WEST,transport_disruption,Minor,"HOSP_026,HOSP_001,HOSP_009",9,1.0,5
EVT_0052,2024-04-29 18:45:00,METRO_DISTRICT_A,surgery_surge,Moderate,"HOSP_015,HOSP_029,HOSP_003,HOSP_014",12,1.57,18
EVT_0053,2024-04-29 23:00:00,METRO_DISTRICT_A,disease_spike,Severe,"HOSP_026,HOSP_022,HOSP_028,HOSP_013,HOSP_003,HOSP_030",36,1.83,29
EVT_0054,2024-04-30 23:30:00,SECTOR_05,industrial_accident,Severe,"HOSP_011,HOSP_003,HOSP_012",74,2.15,29
EVT_0055,2024-05-04 04:30:00,SECTOR_06,mass_casualty,Minor,"HOSP_030,HOSP_012,HOSP_014",8,1.16,3
EVT_0056,2024-05-11 01:30:00,SECTOR_07,road_accident,Minor,"HOSP_011,HOSP_008",11,1.32,5
EVT_0057,2024-05-14 08:15:00,SECTOR_12,road_accident,Critical,"HOSP_007,HOSP_010",92,2.98,65
EVT_0058,2024-05-27 12:15:00,SECTOR_04,road_accident,Severe,"HOSP_007,HOSP_012",77,2.12,24
EVT_0059,2024-05-27 04:45:00,SECTOR_11,road_accident,Moderate,"HOSP_007,HOSP_025",32,1.52,7
EVT_0060,2024-05-29 01:15:00,SECTOR_06,road_accident,Minor,"HOSP_007,HOSP_028,HOSP_027",6,1.29,2
EVT_0061,2024-05-31 11:15:00,CORRIDOR_CENTRAL,transport_disruption,Minor,"HOSP_005,HOSP_025,HOSP_013",5,1.0,4
EVT_0062,2024-06-02 06:30:00,SECTOR_07,road_accident,Minor,"HOSP_007,HOSP_024",8,1.22,6
EVT_0063,2024-06-06 03:15:00,SECTOR_07,industrial_accident,Minor,"HOSP_011,HOSP_019,HOSP_024",11,1.33,3
EVT_0064,2024-06-07 08:15:00,SECTOR_10,road_accident,Minor,"HOSP_030,HOSP_004,HOSP_022",8,1.28,5
EVT_0065,2024-06-10 12:45:00,SECTOR_05,mass_casualty,Minor,"HOSP_022,HOSP_008",12,1.32,6
EVT_0066,2024-06-13 23:30:00,SECTOR_13,road_accident,Severe,"HOSP_007,HOSP_017,HOSP_011",70,2.27,14
EVT_0067,2024-06-16 02:30:00,METRO_DISTRICT_A,surgery_surge,Minor,"HOSP_014,HOSP_010,HOSP_025",4,1.27,4
EVT_0068,2024-06-17 02:45:00,SECTOR_11,industrial_accident,Critical,"HOSP_011,HOSP_027",178,3.13,39
EVT_0069,2024-06-18 07:30:00,SECTOR_09,mass_casualty,Minor,"HOSP_011,HOSP_021,HOSP_001",3,1.27,5
EVT_0070,2024-06-23 00:00:00,METRO_DISTRICT_C,surgery_surge,Minor,"HOSP_016,HOSP_002,HOSP_022,HOSP_027",11,1.23,6
EVT_0071,2024-06-24 11:15:00,SECTOR_02,road_accident,Critical,"HOSP_007,HOSP_003",125,3.21,42
EVT_0072,2024-06-25 10:30:00,METRO_DISTRICT_D,surgery_surge,Minor,"HOSP_009,HOSP_028,HOSP_001,HOSP_019,HOSP_008,HOSP_023",10,1.18,4
EVT_0073,2024-06-26 03:45:00,METRO_DISTRICT_B,natural_disaster,Minor,"HOSP_004,HOSP_012,HOSP_011,HOSP_024",9,1.34,4
EVT_0074,2024-06-28 23:30:00,CORRIDOR_EAST,transport_disruption,Severe,"HOSP_003,HOSP_014",47,1.0,25
EVT_0075,2024-07-01 07:00:00,SECTOR_13,mass_casualty,Moderate,"HOSP_030,HOSP_004",23,1.62,13
EVT_0076,2024-07-02 13:15:00,SECTOR_14,road_accident,Moderate,"HOSP_030,HOSP_029",35,1.65,7
EVT_0077,2024-07-03 18:15:00,SECTOR_13,industrial_accident,Severe,"HOSP_022,HOSP_007,HOSP_030",79,2.26,21
EVT_0078,2024-07-04 00:45:00,METRO_DISTRICT_B,disease_spike,Minor,"HOSP_003,HOSP_029,HOSP_021,HOSP_025,HOSP_020,HOSP_008",4,1.2,2
EVT_0079,2024-07-06 14:00:00,METRO_DISTRICT_B,surgery_surge,Moderate,"HOSP_022,HOSP_008,HOSP_007",24,1.45,10
EVT_0080,2024-07-09 16:30:00,SECTOR_04,mass_casualty,Minor,"HOSP_030,HOSP_017,HOSP_004",8,1.34,5
EVT_0081,2024-07-10 23:00:00,METRO_DISTRICT_A,disease_spike,Minor,"HOSP_027,HOSP_018,HOSP_003,HOSP_014,HOSP_002",8,1.32,3
EVT_0082,2024-07-13 22:30:00,SECTOR_11,road_accident,Minor,"HOSP_007,HOSP_012",4,1.21,4
EVT_0083,2024-07-13 08:15:00,SECTOR_08,road_accident,Critical,"HOSP_011,HOSP_003,HOSP_030",81,2.94,50
EVT_0084,2024-07-15 00:30:00,SECTOR_04,industrial_accident,Severe,"HOSP_007,HOSP_025,HOSP_010",48,2.07,36
EVT_0085,2024-07-16 15:15:00,SECTOR_01,industrial_accident,Minor,"HOSP_030,HOSP_004",10,1.17,3
EVT_0086,2024-07-18 20:15:00,SECTOR_01,mass_casualty,Moderate,"HOSP_022,HOSP_003,HOSP_012",14,1.53,16
EVT_0087,2024-07-20 00:30:00,SECTOR_02,road_accident,Severe,"HOSP_022,HOSP_025",67,2.23,14
EVT_0088,2024-07-21 02:30:00,SECTOR_04,road_accident,Moderate,"HOSP_022,HOSP_027",34,1.46,13
EVT_0089,2024-07-23 03:30:00,SECTOR_02,road_accident,Minor,"HOSP_007,HOSP_026,HOSP_017",3,1.17,4
EVT_0090,2024-07-23 11:45:00,BB_004,blood_bank_failure,Moderate,"HOSP_027,HOSP_029,HOSP_009",26,1.0,12
EVT_0091,2024-07-25 22:30:00,METRO_DISTRICT_C,natural_disaster,Minor,"HOSP_019,HOSP_022,HOSP_001",8,1.24,5
EVT_0092,2024-07-26 19:30:00,METRO_DISTRICT_B,disease_spike,Critical,"HOSP_004,HOSP_008,HOSP_014,HOSP_018",152,2.43,42
EVT_0093,2024-07-26 15:45:00,METRO_DISTRICT_B,disease_spike,Critical,"HOSP_023,HOSP_004,HOSP_008,HOSP_026",121,2.85,70
EVT_0094,2024-07-27 03:00:00,METRO_DISTRICT_A,disease_spike,Moderate,"HOSP_025,HOSP_022,HOSP_007,HOSP_003",31,1.66,17
EVT_0095,2024-07-27 00:15:00,SECTOR_10,road_accident,Minor,"HOSP_030,HOSP_012,HOSP_017",9,1.26,5
EVT_0096,2024-07-30 00:30:00,METRO_DISTRICT_B,natural_disaster,Severe,"HOSP_019,HOSP_017,HOSP_015,HOSP_029,HOSP_023,HOSP_030",68,1.8,31
EVT_0097,2024-08-01 22:00:00,CORRIDOR_CENTRAL,transport_disruption,Minor,"HOSP_019,HOSP_012",7,1.0,2
EVT_0098,2024-08-03 09:30:00,METRO_DISTRICT_D,disease_spike,Minor,"HOSP_024,HOSP_025,HOSP_027",11,1.27,6
EVT_0099,2024-08-06 14:30:00,SECTOR_05,mass_casualty,Minor,"HOSP_022,HOSP_001",3,1.18,3
EVT_0100,2024-08-08 05:15:00,SECTOR_14,road_accident,Minor,"HOSP_011,HOSP_024",11,1.3,5
EVT_0101,2024-08-09 15:45:00,METRO_DISTRICT_A,disease_spike,Minor,"HOSP_021,HOSP_020,HOSP_015",9,1.27,4
EVT_0102,2024-08-10 07:30:00,CORRIDOR_EAST,transport_disruption,Minor,"HOSP_005,HOSP_012,HOSP_002",6,1.0,4
EVT_0103,2024-08-12 16:00:00,METRO_DISTRICT_B,disease_spike,Minor,"HOSP_022,HOSP_021,HOSP_020",9,1.24,4
EVT_0104,2024-08-14 07:45:00,METRO_DISTRICT_D,surgery_surge,Moderate,"HOSP_008,HOSP_018,HOSP_007,HOSP_024,HOSP_004",15,1.59,18
EVT_0105,2024-08-14 09:00:00,SECTOR_14,industrial_accident,Minor,"HOSP_030,HOSP_002,HOSP_014",6,1.34,5
EVT_0106,2024-08-15 22:00:00,METRO_DISTRICT_B,surgery_surge,Moderate,"HOSP_015,HOSP_018,HOSP_025,HOSP_020,HOSP_001,HOSP_004",29,1.37,16
EVT_0107,2024-08-16 21:15:00,SECTOR_11,road_accident,Minor,"HOSP_011,HOSP_028,HOSP_029",10,1.18,5
EVT_0108,2024-08-19 15:45:00,METRO_DISTRICT_D,disease_spike,Moderate,"HOSP_027,HOSP_002,HOSP_030,HOSP_012",20,1.46,10
EVT_0109,2024-08-21 01:45:00,SECTOR_01,road_accident,Minor,"HOSP_011,HOSP_015,HOSP_017",4,1.17,3
EVT_0110,2024-08-22 21:45:00,METRO_DISTRICT_B,disease_spike,Moderate,"HOSP_017,HOSP_021,HOSP_023,HOSP_011,HOSP_003,HOSP_007",19,1.56,14
EVT_0111,2024-08-23 21:00:00,SECTOR_05,mass_casualty,Minor,"HOSP_007,HOSP_014",10,1.16,5
EVT_0112,2024-08-24 20:45:00,METRO_DISTRICT_C,disease_spike,Severe,"HOSP_029,HOSP_008,HOSP_018,HOSP_019,HOSP_005",73,1.82,31
EVT_0113,2024-08-29 02:15:00,SECTOR_12,mass_casualty,Severe,"HOSP_022,HOSP_011",53,1.99,12
EVT_0114,2024-08-30 12:45:00,SECTOR_07,industrial_accident,Moderate,"HOSP_030,HOSP_015,HOSP_024",21,1.55,7
EVT_0115,2024-09-01 02:30:00,CORRIDOR_EAST,transport_disruption,Severe,"HOSP_022,HOSP_021,HOSP_014",46,1.0,24
EVT_0116,2024-09-03 13:30:00,METRO_DISTRICT_A,surgery_surge,Moderate,"HOSP_011,HOSP_020,HOSP_025,HOSP_008,HOSP_002",17,1.61,7
EVT_0117,2024-09-03 18:00:00,METRO_DISTRICT_B,surgery_surge,Moderate,"HOSP_020,HOSP_014,HOSP_022,HOSP_008,HOSP_001,HOSP_002",26,1.59,7
EVT_0118,2024-09-05 20:15:00,METRO_DISTRICT_B,surgery_surge,Moderate,"HOSP_019,HOSP_002,HOSP_003,HOSP_020,HOSP_016",31,1.49,14
EVT_0119,2024-09-05 19:30:00,METRO_DISTRICT_B,disease_spike,Severe,"HOSP_008,HOSP_013,HOSP_007,HOSP_018,HOSP_020,HOSP_010",77,2.11,25
EVT_0120,2024-09-06 01:15:00,METRO_DISTRICT_A,disease_spike,Moderate,"HOSP_010,HOSP_028,HOSP_027,HOSP_008",27,1.41,17
EVT_0121,2024-09-08 06:00:00,SECTOR_08,road_accident,Severe,"HOSP_030,HOSP_014,HOSP_026",71,1.85,21
EVT_0122,2024-09-09 03:45:00,SECTOR_08,industrial_accident,Moderate,"HOSP_030,HOSP_024",22,1.36,6
EVT_0123,2024-09-10 00:00:00,METRO_DISTRICT_C,surgery_surge,Severe,"HOSP_008,HOSP_015,HOSP_021,HOSP_011",73,2.0,28
EVT_0124,2024-09-12 18:00:00,METRO_DISTRICT_A,disease_spike,Severe,"HOSP_003,HOSP_009,HOSP_005",38,1.84,13
EVT_0125,2024-09-13 03:15:00,SECTOR_09,industrial_accident,Minor,"HOSP_007,HOSP_005,HOSP_011",10,1.21,5
EVT_0126,2024-09-14 07:00:00,CORRIDOR_WEST,transport_disruption,Minor,"HOSP_022,HOSP_016",7,1.0,6
EVT_0127,2024-09-14 17:15:00,METRO_DISTRICT_A,disease_spike,Critical,"HOSP_016,HOSP_005,HOSP_003,HOSP_025,HOSP_011",88,3.13,41
EVT_0128,2024-09-15 14:30:00,METRO_DISTRICT_C,disease_spike,Moderate,"HOSP_002,HOSP_003,HOSP_030,HOSP_004,HOSP_009,HOSP_026",30,1.4,6
EVT_0129,2024-09-16 15:45:00,METRO_DISTRICT_C,disease_spike,Moderate,"HOSP_015,HOSP_001,HOSP_004,HOSP_014,HOSP_003,HOSP_006",35,1.43,17
EVT_0130,2024-09-16 15:30:00,METRO_DISTRICT_B,disease_spike,Minor,"HOSP_008,HOSP_001,HOSP_021,HOSP_018,HOSP_014,HOSP_016",11,1.21,2
EVT_0131,2024-09-19 19:15:00,SECTOR_14,industrial_accident,Moderate,"HOSP_007,HOSP_006,HOSP_019",23,1.49,16
EVT_0132,2024-09-22 21:00:00,METRO_DISTRICT_D,disease_spike,Severe,"HOSP_022,HOSP_020,HOSP_006",53,2.18,34
EVT_0133,2024-09-23 20:30:00,BB_006,blood_bank_failure,Severe,"HOSP_018,HOSP_030,HOSP_028",56,1.0,14
EVT_0134,2024-09-26 04:30:00,METRO_DISTRICT_C,surgery_surge,Severe,"HOSP_023,HOSP_012,HOSP_018",74,1.76,19
EVT_0135,2024-09-28 03:45:00,SECTOR_03,mass_casualty,Minor,"HOSP_011,HOSP_019",12,1.26,5
EVT_0136,2024-10-04 20:45:00,SECTOR_13,industrial_accident,Minor,"HOSP_022,HOSP_026,HOSP_023",8,1.2,4
EVT_0137,2024-10-05 16:30:00,METRO_DISTRICT_D,surgery_surge,Severe,"HOSP_003,HOSP_004,HOSP_021,HOSP_018",70,2.26,19
EVT_0138,2024-10-06 12:45:00,CORRIDOR_SOUTH,transport_disruption,Minor,"HOSP_025,HOSP_003,HOSP_020",11,1.0,6
EVT_0139,2024-10-08 01:45:00,METRO_DISTRICT_D,natural_disaster,Moderate,"HOSP_016,HOSP_008,HOSP_026,HOSP_025,HOSP_029",35,1.5,10
EVT_0140,2024-10-10 01:30:00,SECTOR_01,road_accident,Minor,"HOSP_007,HOSP_006",5,1.26,4
EVT_0141,2024-10-14 08:00:00,SECTOR_10,road_accident,Moderate,"HOSP_007,HOSP_029",20,1.69,11
EVT_0142,2024-10-15 09:15:00,CORRIDOR_EAST,transport_disruption,Moderate,"HOSP_025,HOSP_023,HOSP_016",30,1.0,13
EVT_0143,2024-10-18 08:45:00,SECTOR_08,industrial_accident,Severe,"HOSP_011,HOSP_004,HOSP_030",74,2.06,22
EVT_0144,2024-10-21 09:00:00,SECTOR_11,industrial_accident,Minor,"HOSP_011,HOSP_009,HOSP_021",8,1.24,2
EVT_0145,2024-10-21 08:00:00,SECTOR_10,industrial_accident,Minor,"HOSP_007,HOSP_014,HOSP_028",4,1.28,2
EVT_0146,2024-10-23 19:15:00,SECTOR_11,mass_casualty,Minor,"HOSP_030,HOSP_022",8,1.34,5
EVT_0147,2024-10-23 00:45:00,METRO_DISTRICT_D,surgery_surge,Minor,"HOSP_003,HOSP_022,HOSP_020,HOSP_025",12,1.2,2
EVT_0148,2024-10-29 20:00:00,SECTOR_02,mass_casualty,Minor,"HOSP_007,HOSP_013",3,1.34,5
EVT_0149,2024-11-07 17:15:00,METRO_DISTRICT_B,natural_disaster,Minor,"HOSP_028,HOSP_008,HOSP_010,HOSP_001,HOSP_007,HOSP_019",10,1.27,2
EVT_0150,2024-11-08 18:45:00,CORRIDOR_EAST,transport_disruption,Minor,"HOSP_013,HOSP_011,HOSP_004",5,1.0,6
EVT_0151,2024-11-14 23:45:00,SECTOR_06,industrial_accident,Severe,"HOSP_022,HOSP_013",40,1.81,17
EVT_0152,2024-11-14 21:30:00,SECTOR_06,road_accident,Minor,"HOSP_022,HOSP_006,HOSP_026",5,1.27,3
EVT_0153,2024-11-16 03:00:00,SECTOR_02,mass_casualty,Minor,"HOSP_022,HOSP_020",4,1.3,2
EVT_0154,2024-11-16 14:15:00,CORRIDOR_NORTH,transport_disruption,Moderate,"HOSP_015,HOSP_009,HOSP_005",14,1.0,13
EVT_0155,2024-11-20 05:45:00,SECTOR_10,mass_casualty,Minor,"HOSP_022,HOSP_028,HOSP_025",3,1.31,3
EVT_0156,2024-11-21 01:30:00,BB_006,blood_bank_failure,Moderate,"HOSP_011,HOSP_020",28,1.0,14
EVT_0157,2024-11-27 08:30:00,METRO_DISTRICT_B,surgery_surge,Severe,"HOSP_006,HOSP_007,HOSP_026",38,1.85,27
EVT_0158,2024-11-30 04:30:00,SECTOR_03,mass_casualty,Moderate,"HOSP_007,HOSP_029,HOSP_011",22,1.64,18
EVT_0159,2024-11-30 14:00:00,SECTOR_14,mass_casualty,Severe,"HOSP_030,HOSP_017,HOSP_029",69,2.23,34
EVT_0160,2024-12-03 00:30:00,SECTOR_08,road_accident,Minor,"HOSP_007,HOSP_016",10,1.33,2
EVT_0161,2024-12-03 18:45:00,SECTOR_12,road_accident,Minor,"HOSP_022,HOSP_029",5,1.2,2
EVT_0162,2024-12-07 14:00:00,METRO_DISTRICT_A,disease_spike,Moderate,"HOSP_026,HOSP_018,HOSP_022,HOSP_013,HOSP_020,HOSP_012",15,1.52,18
EVT_0163,2024-12-07 15:30:00,SECTOR_08,mass_casualty,Minor,"HOSP_007,HOSP_016",7,1.18,6
EVT_0164,2024-12-08 12:00:00,METRO_DISTRICT_D,disease_spike,Moderate,"HOSP_018,HOSP_024,HOSP_002,HOSP_003,HOSP_019",28,1.58,17
EVT_0165,2024-12-10 17:00:00,SECTOR_06,industrial_accident,Moderate,"HOSP_030,HOSP_025,HOSP_019",34,1.7,16
EVT_0166,2024-12-13 01:30:00,CORRIDOR_EAST,transport_disruption,Minor,"HOSP_030,HOSP_006",7,1.0,2
EVT_0167,2024-12-17 15:30:00,SECTOR_10,road_accident,Critical,"HOSP_030,HOSP_003,HOSP_005",142,2.68,53
EVT_0168,2024-12-17 08:45:00,SECTOR_04,road_accident,Minor,"HOSP_030,HOSP_027,HOSP_007",5,1.35,6
EVT_0169,2024-12-19 03:45:00,SECTOR_11,road_accident,Severe,"HOSP_007,HOSP_008,HOSP_009",77,1.79,24
EVT_0170,2024-12-20 09:45:00,METRO_DISTRICT_C,natural_disaster,Minor,"HOSP_015,HOSP_008,HOSP_030,HOSP_023,HOSP_020",5,1.17,2
EVT_0171,2024-12-22 08:30:00,CORRIDOR_SOUTH,transport_disruption,Moderate,"HOSP_017,HOSP_004,HOSP_020",19,1.0,17
EVT_0172,2024-12-24 00:30:00,CORRIDOR_EAST,transport_disruption,Minor,"HOSP_003,HOSP_013,HOSP_030",5,1.0,3
EVT_0173,2024-12-25 11:00:00,SECTOR_13,mass_casualty,Critical,"HOSP_007,HOSP_028",200,3.05,68
EVT_0174,2024-12-31 01:00:00,METRO_DISTRICT_B,disease_spike,Severe,"HOSP_015,HOSP_004,HOSP_021",80,1.71,34
EVT_0175,2025-01-04 01:15:00,METRO_DISTRICT_A,surgery_surge,Minor,"HOSP_006,HOSP_007,HOSP_013,HOSP_004,HOSP_010,HOSP_001",7,1.16,4
EVT_0176,2025-01-05 18:00:00,METRO_DISTRICT_B,disease_spike,Severe,"HOSP_024,HOSP_016,HOSP_019",40,2.06,18
EVT_0177,2025-01-06 04:45:00,SECTOR_03,road_accident,Minor,"HOSP_007,HOSP_024",6,1.21,4
EVT_0178,2025-01-09 09:45:00,SECTOR_10,road_accident,Severe,"HOSP_007,HOSP_024,HOSP_015",41,2.12,24
EVT_0179,2025-01-09 21:30:00,SECTOR_10,mass_casualty,Moderate,"HOSP_030,HOSP_014,HOSP_003",18,1.47,16
EVT_0180,2025-01-12 18:15:00,METRO_DISTRICT_C,surgery_surge,Severe,"HOSP_022,HOSP_017,HOSP_011,HOSP_002,HOSP_025",38,1.72,16
EVT_0181,2025-01-12 06:45:00,SECTOR_06,mass_casualty,Minor,"HOSP_022,HOSP_013,HOSP_025",6,1.34,6
EVT_0182,2025-01-15 13:15:00,SECTOR_05,road_accident,Minor,"HOSP_007,HOSP_008,HOSP_004",8,1.31,6
EVT_0183,2025-01-16 03:15:00,METRO_DISTRICT_B,surgery_surge,Minor,"HOSP_020,HOSP_019,HOSP_030",3,1.29,4
EVT_0184,2025-01-20 14:30:00,METRO_DISTRICT_B,surgery_surge,Minor,"HOSP_019,HOSP_008,HOSP_007,HOSP_003",7,1.25,5
EVT_0185,2025-01-20 20:30:00,SECTOR_09,road_accident,Minor,"HOSP_011,HOSP_026",3,1.17,3
EVT_0186,2025-01-21 05:15:00,METRO_DISTRICT_C,natural_disaster,Minor,"HOSP_011,HOSP_019,HOSP_010,HOSP_001,HOSP_013",12,1.3,6
EVT_0187,2025-01-22 03:00:00,CORRIDOR_WEST,transport_disruption,Moderate,"HOSP_006,HOSP_015,HOSP_021",26,1.0,11
EVT_0188,2025-01-26 22:30:00,METRO_DISTRICT_A,disease_spike,Severe,"HOSP_026,HOSP_014,HOSP_003",80,2.27,19
EVT_0189,2025-01-27 19:15:00,METRO_DISTRICT_C,natural_disaster,Critical,"HOSP_028,HOSP_007,HOSP_003,HOSP_006,HOSP_015,HOSP_030",151,2.36,25
EVT_0190,2025-01-29 07:30:00,METRO_DISTRICT_B,disease_spike,Moderate,"HOSP_025,HOSP_012,HOSP_011",16,1.63,15
EVT_0191,2025-01-31 05:30:00,SECTOR_11,road_accident,Minor,"HOSP_030,HOSP_014,HOSP_022",11,1.32,6
EVT_0192,2025-02-01 07:30:00,BB_002,blood_bank_failure,Moderate,"HOSP_030,HOSP_015,HOSP_001",13,1.0,7
EVT_0193,2025-02-03 18:00:00,METRO_DISTRICT_C,disease_spike,Minor,"HOSP_020,HOSP_008,HOSP_004,HOSP_001,HOSP_006",5,1.22,4
EVT_0194,2025-02-04 23:15:00,CORRIDOR_CENTRAL,transport_disruption,Moderate,"HOSP_004,HOSP_026",31,1.0,10
EVT_0195,2025-02-07 03:30:00,METRO_DISTRICT_C,surgery_surge,Moderate,"HOSP_013,HOSP_001,HOSP_016,HOSP_029,HOSP_011,HOSP_014",27,1.44,17
EVT_0196,2025-02-08 19:30:00,SECTOR_06,mass_casualty,Moderate,"HOSP_011,HOSP_028,HOSP_014",16,1.44,8
EVT_0197,2025-02-10 08:30:00,SECTOR_06,mass_casualty,Moderate,"HOSP_007,HOSP_026,HOSP_021",30,1.66,15
EVT_0198,2025-02-10 18:45:00,METRO_DISTRICT_D,surgery_surge,Minor,"HOSP_021,HOSP_022,HOSP_002,HOSP_017,HOSP_030",6,1.19,6
EVT_0199,2025-02-12 01:30:00,SECTOR_05,road_accident,Minor,"HOSP_007,HOSP_003,HOSP_024",8,1.22,4
EVT_0200,2025-02-16 15:00:00,SECTOR_12,road_accident,Minor,"HOSP_007,HOSP_019,HOSP_013",12,1.34,2
EVT_0201,2025-02-16 14:15:00,SECTOR_10,mass_casualty,Minor,"HOSP_011,HOSP_028,HOSP_022",5,1.3,2
EVT_0202,2025-02-17 19:45:00,SECTOR_07,road_accident,Moderate,"HOSP_030,HOSP_010",16,1.5,7
EVT_0203,2025-02-17 09:45:00,METRO_DISTRICT_D,surgery_surge,Moderate,"HOSP_019,HOSP_009,HOSP_030",25,1.56,11
EVT_0204,2025-02-18 11:30:00,SECTOR_05,industrial_accident,Moderate,"HOSP_030,HOSP_006",31,1.57,6
EVT_0205,2025-02-19 01:45:00,SECTOR_07,road_accident,Moderate,"HOSP_007,HOSP_004",25,1.49,14
EVT_0206,2025-02-23 21:30:00,SECTOR_02,mass_casualty,Moderate,"HOSP_007,HOSP_029,HOSP_028",19,1.45,6
EVT_0207,2025-02-24 23:45:00,METRO_DISTRICT_C,surgery_surge,Moderate,"HOSP_007,HOSP_015,HOSP_027,HOSP_024",13,1.53,14
EVT_0208,2025-02-25 08:15:00,SECTOR_03,mass_casualty,Moderate,"HOSP_030,HOSP_020,HOSP_002",18,1.42,11
EVT_0209,2025-02-26 18:00:00,SECTOR_13,industrial_accident,Minor,"HOSP_030,HOSP_008",4,1.35,4
EVT_0210,2025-02-27 21:45:00,SECTOR_14,industrial_accident,Minor,"HOSP_030,HOSP_005,HOSP_019",3,1.15,4
EVT_0211,2025-02-28 06:00:00,CORRIDOR_WEST,transport_disruption,Minor,"HOSP_010,HOSP_002,HOSP_028",6,1.0,2
EVT_0212,2025-03-01 12:00:00,SECTOR_04,road_accident,Minor,"HOSP_022,HOSP_024,HOSP_003",3,1.2,6
EVT_0213,2025-03-03 18:00:00,METRO_DISTRICT_C,disease_spike,Minor,"HOSP_024,HOSP_022,HOSP_011,HOSP_028,HOSP_025",4,1.33,6
EVT_0214,2025-03-09 03:45:00,SECTOR_14,industrial_accident,Minor,"HOSP_022,HOSP_019",5,1.29,2
EVT_0215,2025-03-11 01:45:00,METRO_DISTRICT_D,disease_spike,Moderate,"HOSP_019,HOSP_018,HOSP_024,HOSP_004,HOSP_010",25,1.43,15
EVT_0216,2025-03-12 00:45:00,SECTOR_01,industrial_accident,Minor,"HOSP_030,HOSP_019,HOSP_011",3,1.17,3
EVT_0217,2025-03-12 21:15:00,SECTOR_14,industrial_accident,Moderate,"HOSP_030,HOSP_003,HOSP_013",18,1.58,14
EVT_0218,2025-03-13 15:00:00,SECTOR_07,mass_casualty,Severe,"HOSP_030,HOSP_014,HOSP_008",45,1.97,35
EVT_0219,2025-03-17 05:15:00,SECTOR_02,mass_casualty,Minor,"HOSP_022,HOSP_018,HOSP_029",4,1.16,5
EVT_0220,2025-03-18 04:00:00,SECTOR_08,mass_casualty,Critical,"HOSP_022,HOSP_009,HOSP_008",82,3.24,71
EVT_0221,2025-03-19 04:30:00,METRO_DISTRICT_B,surgery_surge,Critical,"HOSP_014,HOSP_018,HOSP_008,HOSP_028,HOSP_017,HOSP_001",183,3.24,34
EVT_0222,2025-03-19 02:45:00,SECTOR_04,road_accident,Moderate,"HOSP_022,HOSP_023",30,1.56,14
EVT_0223,2025-03-20 20:00:00,SECTOR_03,road_accident,Minor,"HOSP_022,HOSP_010,HOSP_014",6,1.23,2
EVT_0224,2025-03-23 20:00:00,SECTOR_02,road_accident,Severe,"HOSP_022,HOSP_024,HOSP_017",66,1.91,14
EVT_0225,2025-03-23 03:00:00,SECTOR_14,road_accident,Minor,"HOSP_022,HOSP_003,HOSP_008",12,1.21,6
EVT_0226,2025-04-02 10:45:00,SECTOR_09,road_accident,Minor,"HOSP_030,HOSP_016",8,1.25,5
EVT_0227,2025-04-04 08:15:00,SECTOR_01,road_accident,Minor,"HOSP_007,HOSP_003,HOSP_028",11,1.15,4
EVT_0228,2025-04-05 20:00:00,SECTOR_01,industrial_accident,Severe,"HOSP_030,HOSP_011,HOSP_002",35,1.84,25
EVT_0229,2025-04-06 12:45:00,SECTOR_13,mass_casualty,Severe,"HOSP_022,HOSP_015,HOSP_010",41,1.96,25
EVT_0230,2025-04-06 22:30:00,METRO_DISTRICT_A,disease_spike,Minor,"HOSP_030,HOSP_003,HOSP_027",5,1.22,6
EVT_0231,2025-04-07 05:00:00,SECTOR_04,road_accident,Severe,"HOSP_022,HOSP_014,HOSP_011",71,2.25,23
EVT_0232,2025-04-08 03:15:00,METRO_DISTRICT_B,natural_disaster,Moderate,"HOSP_026,HOSP_010,HOSP_006",33,1.6,7
EVT_0233,2025-04-09 11:00:00,SECTOR_04,mass_casualty,Minor,"HOSP_022,HOSP_007,HOSP_013",3,1.17,4
EVT_0234,2025-04-10 10:45:00,METRO_DISTRICT_B,disease_spike,Minor,"HOSP_013,HOSP_003,HOSP_008",7,1.32,5
EVT_0235,2025-04-11 02:45:00,SECTOR_01,road_accident,Severe,"HOSP_007,HOSP_017,HOSP_006",36,1.97,27
EVT_0236,2025-04-12 08:00:00,SECTOR_08,road_accident,Minor,"HOSP_030,HOSP_023,HOSP_008",8,1.18,4
EVT_0237,2025-04-15 12:45:00,SECTOR_06,road_accident,Minor,"HOSP_022,HOSP_021,HOSP_028",8,1.17,5
EVT_0238,2025-04-19 15:30:00,METRO_DISTRICT_A,surgery_surge,Minor,"HOSP_026,HOSP_002,HOSP_001,HOSP_004,HOSP_018,HOSP_011",7,1.23,2
EVT_0239,2025-04-21 17:00:00,SECTOR_08,road_accident,Moderate,"HOSP_022,HOSP_028,HOSP_001",15,1.36,14
EVT_0240,2025-04-21 13:45:00,METRO_DISTRICT_C,disease_spike,Moderate,"HOSP_029,HOSP_024,HOSP_014",30,1.35,14
EVT_0241,2025-04-23 21:30:00,SECTOR_02,road_accident,Severe,"HOSP_007,HOSP_002,HOSP_015",37,2.28,32
EVT_0242,2025-04-25 00:15:00,SECTOR_01,road_accident,Moderate,"HOSP_011,HOSP_010,HOSP_004",30,1.52,18
EVT_0243,2025-04-30 15:30:00,CORRIDOR_CENTRAL,transport_disruption,Moderate,"HOSP_006,HOSP_010,HOSP_022",17,1.0,11
EVT_0244,2025-04-30 22:45:00,SECTOR_11,industrial_accident,Moderate,"HOSP_011,HOSP_018,HOSP_026",18,1.54,13
EVT_0245,2025-05-01 12:30:00,SECTOR_09,industrial_accident,Minor,"HOSP_007,HOSP_014,HOSP_010",12,1.27,3
EVT_0246,2025-05-02 05:00:00,SECTOR_04,industrial_accident,Minor,"HOSP_007,HOSP_006",7,1.25,2
EVT_0247,2025-05-09 05:30:00,SECTOR_08,road_accident,Severe,"HOSP_007,HOSP_020,HOSP_010",56,1.83,28
EVT_0248,2025-05-09 07:30:00,SECTOR_03,industrial_accident,Moderate,"HOSP_007,HOSP_006",18,1.47,18
EVT_0249,2025-05-10 12:00:00,METRO_DISTRICT_D,disease_spike,Minor,"HOSP_030,HOSP_019,HOSP_005,HOSP_010",4,1.2,5
EVT_0250,2025-05-13 16:15:00,SECTOR_05,mass_casualty,Critical,"HOSP_030,HOSP_005",81,3.43,32
EVT_0251,2025-05-14 12:00:00,SECTOR_06,mass_casualty,Minor,"HOSP_007,HOSP_024",4,1.32,2
EVT_0252,2025-05-14 12:45:00,SECTOR_01,industrial_accident,Severe,"HOSP_007,HOSP_028,HOSP_027",39,2.15,17
EVT_0253,2025-05-15 16:00:00,SECTOR_02,industrial_accident,Minor,"HOSP_022,HOSP_006",10,1.28,6
EVT_0254,2025-05-16 02:30:00,SECTOR_08,industrial_accident,Severe,"HOSP_030,HOSP_021",36,1.92,23
EVT_0255,2025-05-24 13:30:00,METRO_DISTRICT_D,surgery_surge,Severe,"HOSP_029,HOSP_005,HOSP_025,HOSP_011",76,1.98,24
EVT_0256,2025-05-26 07:00:00,SECTOR_02,industrial_accident,Minor,"HOSP_007,HOSP_020,HOSP_001",11,1.26,3
EVT_0257,2025-05-26 00:00:00,CORRIDOR_WEST,transport_disruption,Minor,"HOSP_029,HOSP_021,HOSP_018",5,1.0,6
EVT_0258,2025-05-28 03:15:00,SECTOR_11,industrial_accident,Minor,"HOSP_030,HOSP_006",6,1.23,5
EVT_0259,2025-05-30 11:15:00,SECTOR_01,industrial_accident,Minor,"HOSP_022,HOSP_024,HOSP_009",8,1.21,3
EVT_0260,2025-05-31 16:30:00,SECTOR_05,road_accident,Moderate,"HOSP_011,HOSP_018",34,1.36,11
EVT_0261,2025-05-31 14:45:00,CORRIDOR_NORTH,transport_disruption,Moderate,"HOSP_020,HOSP_006",16,1.0,13
EVT_0262,2025-06-01 19:45:00,SECTOR_08,road_accident,Moderate,"HOSP_030,HOSP_008",28,1.45,11
EVT_0263,2025-06-01 06:30:00,SECTOR_11,road_accident,Severe,"HOSP_007,HOSP_009",38,2.17,17
EVT_0264,2025-06-03 02:30:00,SECTOR_12,road_accident,Moderate,"HOSP_011,HOSP_027",14,1.68,16
EVT_0265,2025-06-05 20:30:00,METRO_DISTRICT_C,disease_spike,Minor,"HOSP_009,HOSP_020,HOSP_021",8,1.19,2
EVT_0266,2025-06-09 21:15:00,METRO_DISTRICT_D,natural_disaster,Minor,"HOSP_027,HOSP_024,HOSP_016",6,1.17,4
EVT_0267,2025-06-10 17:30:00,SECTOR_04,industrial_accident,Critical,"HOSP_011,HOSP_025",110,3.01,34
EVT_0268,2025-06-11 16:30:00,METRO_DISTRICT_C,surgery_surge,Severe,"HOSP_027,HOSP_004,HOSP_025,HOSP_009",57,2.18,20
EVT_0269,2025-06-14 17:30:00,SECTOR_02,mass_casualty,Moderate,"HOSP_011,HOSP_021",30,1.35,8
EVT_0270,2025-06-15 17:15:00,METRO_DISTRICT_B,natural_disaster,Minor,"HOSP_026,HOSP_015,HOSP_023",9,1.23,5
EVT_0271,2025-06-16 11:15:00,SECTOR_10,industrial_accident,Critical,"HOSP_030,HOSP_005",94,3.15,30
EVT_0272,2025-06-17 15:00:00,SECTOR_10,road_accident,Severe,"HOSP_007,HOSP_002,HOSP_006",42,1.7,23
EVT_0273,2025-06-18 06:00:00,SECTOR_09,road_accident,Minor,"HOSP_030,HOSP_009,HOSP_003",6,1.21,3
EVT_0274,2025-06-19 06:45:00,SECTOR_07,mass_casualty,Moderate,"HOSP_030,HOSP_026,HOSP_024",24,1.62,17
EVT_0275,2025-06-19 10:00:00,CORRIDOR_NORTH,transport_disruption,Minor,"HOSP_014,HOSP_025,HOSP_002",4,1.0,3
EVT_0276,2025-06-21 04:00:00,METRO_DISTRICT_C,surgery_surge,Moderate,"HOSP_012,HOSP_020,HOSP_010,HOSP_007,HOSP_016",14,1.62,14
EVT_0277,2025-06-23 21:45:00,SECTOR_11,road_accident,Minor,"HOSP_022,HOSP_006",6,1.22,4
EVT_0278,2025-06-24 13:15:00,SECTOR_01,industrial_accident,Minor,"HOSP_030,HOSP_018,HOSP_017",12,1.31,4
EVT_0279,2025-06-26 02:00:00,METRO_DISTRICT_D,surgery_surge,Minor,"HOSP_009,HOSP_029,HOSP_030,HOSP_016,HOSP_001,HOSP_022",4,1.34,3
EVT_0280,2025-06-26 09:15:00,SECTOR_11,industrial_accident,Minor,"HOSP_022,HOSP_013,HOSP_021",6,1.29,5
EVT_0281,2025-06-28 21:45:00,SECTOR_12,road_accident,Minor,"HOSP_011,HOSP_012,HOSP_020",12,1.31,3
EVT_0282,2025-06-28 01:00:00,METRO_DISTRICT_A,disease_spike,Minor,"HOSP_002,HOSP_030,HOSP_025",3,1.3,2
EVT_0283,2025-07-01 22:00:00,CORRIDOR_NORTH,transport_disruption,Moderate,"HOSP_011,HOSP_027,HOSP_025",15,1.0,17
EVT_0284,2025-07-02 15:30:00,METRO_DISTRICT_B,disease_spike,Severe,"HOSP_012,HOSP_027,HOSP_009",41,1.71,20
EVT_0285,2025-07-04 22:45:00,METRO_DISTRICT_C,disease_spike,Severe,"HOSP_022,HOSP_002,HOSP_007,HOSP_027,HOSP_015",57,2.16,15
EVT_0286,2025-07-05 15:00:00,SECTOR_08,mass_casualty,Minor,"HOSP_022,HOSP_025",9,1.18,4
EVT_0287,2025-07-06 13:30:00,METRO_DISTRICT_D,disease_spike,Moderate,"HOSP_028,HOSP_027,HOSP_017,HOSP_021,HOSP_010,HOSP_012",33,1.68,18
EVT_0288,2025-07-09 07:15:00,METRO_DISTRICT_B,disease_spike,Moderate,"HOSP_014,HOSP_013,HOSP_025,HOSP_015",14,1.42,9
EVT_0289,2025-07-10 10:15:00,SECTOR_13,mass_casualty,Minor,"HOSP_030,HOSP_013,HOSP_011",4,1.34,3
EVT_0290,2025-07-10 01:00:00,CORRIDOR_CENTRAL,transport_disruption,Severe,"HOSP_021,HOSP_006,HOSP_012",72,1.0,32
EVT_0291,2025-07-11 17:30:00,SECTOR_02,road_accident,Minor,"HOSP_030,HOSP_002,HOSP_014",11,1.33,3
EVT_0292,2025-07-12 10:30:00,METRO_DISTRICT_A,disease_spike,Moderate,"HOSP_026,HOSP_020,HOSP_001,HOSP_007,HOSP_017",24,1.51,17
EVT_0293,2025-07-13 05:45:00,SECTOR_13,road_accident,Minor,"HOSP_022,HOSP_030,HOSP_014",8,1.18,3
EVT_0294,2025-07-14 20:15:00,SECTOR_01,road_accident,Moderate,"HOSP_030,HOSP_024",27,1.69,18
EVT_0295,2025-07-15 16:00:00,CORRIDOR_CENTRAL,transport_disruption,Minor,"HOSP_024,HOSP_027,HOSP_001",9,1.0,5
EVT_0296,2025-07-16 05:30:00,METRO_DISTRICT_C,surgery_surge,Critical,"HOSP_008,HOSP_018,HOSP_009",142,2.62,50
EVT_0297,2025-07-19 12:15:00,METRO_DISTRICT_B,surgery_surge,Minor,"HOSP_016,HOSP_023,HOSP_012,HOSP_018",6,1.19,2
EVT_0298,2025-07-21 15:00:00,METRO_DISTRICT_A,disease_spike,Moderate,"HOSP_004,HOSP_028,HOSP_007,HOSP_018",32,1.45,8
EVT_0299,2025-07-23 08:45:00,SECTOR_12,road_accident,Moderate,"HOSP_007,HOSP_019",25,1.55,13
EVT_0300,2025-07-24 08:00:00,CORRIDOR_NORTH,transport_disruption,Minor,"HOSP_005,HOSP_004,HOSP_019",3,1.0,3
EVT_0301,2025-07-30 01:30:00,SECTOR_09,road_accident,Moderate,"HOSP_007,HOSP_023,HOSP_017",32,1.5,15
EVT_0302,2025-07-31 14:15:00,METRO_DISTRICT_D,disease_spike,Minor,"HOSP_012,HOSP_005,HOSP_018,HOSP_028,HOSP_004",10,1.22,2
EVT_0303,2025-08-01 02:00:00,METRO_DISTRICT_A,disease_spike,Minor,"HOSP_023,HOSP_024,HOSP_016",4,1.24,3
EVT_0304,2025-08-04 04:45:00,SECTOR_02,road_accident,Minor,"HOSP_007,HOSP_029,HOSP_001",6,1.27,3
EVT_0305,2025-08-08 18:00:00,SECTOR_09,road_accident,Severe,"HOSP_011,HOSP_027,HOSP_003",66,2.06,15
EVT_0306,2025-08-09 13:00:00,METRO_DISTRICT_D,disease_spike,Severe,"HOSP_006,HOSP_009,HOSP_027,HOSP_016,HOSP_011,HOSP_005",80,2.28,17
EVT_0307,2025-08-09 15:30:00,SECTOR_04,road_accident,Minor,"HOSP_022,HOSP_030,HOSP_025",9,1.15,4
EVT_0308,2025-08-12 07:45:00,METRO_DISTRICT_D,disease_spike,Minor,"HOSP_011,HOSP_022,HOSP_009,HOSP_024,HOSP_025",7,1.29,5
EVT_0309,2025-08-12 00:00:00,SECTOR_03,industrial_accident,Moderate,"HOSP_007,HOSP_014",33,1.67,13
EVT_0310,2025-08-13 03:30:00,SECTOR_11,road_accident,Moderate,"HOSP_007,HOSP_003",32,1.46,12
EVT_0311,2025-08-14 14:00:00,SECTOR_12,industrial_accident,Moderate,"HOSP_030,HOSP_008,HOSP_019",27,1.37,9
EVT_0312,2025-08-15 20:15:00,METRO_DISTRICT_C,disease_spike,Severe,"HOSP_020,HOSP_028,HOSP_018,HOSP_027,HOSP_029",71,1.76,27
EVT_0313,2025-08-16 13:15:00,METRO_DISTRICT_D,disease_spike,Moderate,"HOSP_016,HOSP_002,HOSP_026,HOSP_028",15,1.68,16
EVT_0314,2025-08-18 15:15:00,SECTOR_07,mass_casualty,Minor,"HOSP_011,HOSP_019",11,1.27,3
EVT_0315,2025-08-18 01:45:00,METRO_DISTRICT_B,disease_spike,Moderate,"HOSP_029,HOSP_002,HOSP_015,HOSP_017,HOSP_006",14,1.53,14
EVT_0316,2025-08-21 17:30:00,CORRIDOR_EAST,transport_disruption,Moderate,"HOSP_001,HOSP_009,HOSP_013",24,1.0,17
EVT_0317,2025-08-23 04:45:00,METRO_DISTRICT_A,disease_spike,Severe,"HOSP_020,HOSP_002,HOSP_014,HOSP_018,HOSP_027",39,2.13,35
EVT_0318,2025-08-24 06:15:00,SECTOR_08,industrial_accident,Moderate,"HOSP_007,HOSP_001,HOSP_025",14,1.51,15
EVT_0319,2025-08-25 19:30:00,METRO_DISTRICT_D,natural_disaster,Minor,"HOSP_005,HOSP_008,HOSP_001,HOSP_011",5,1.29,6
EVT_0320,2025-08-25 09:45:00,SECTOR_04,road_accident,Minor,"HOSP_007,HOSP_005",9,1.24,2
EVT_0321,2025-08-31 09:15:00,CORRIDOR_CENTRAL,transport_disruption,Moderate,"HOSP_005,HOSP_027,HOSP_025",26,1.0,9
EVT_0322,2025-09-02 05:15:00,METRO_DISTRICT_B,disease_spike,Severe,"HOSP_015,HOSP_009,HOSP_018,HOSP_023,HOSP_030,HOSP_014",76,2.04,32
EVT_0323,2025-09-04 10:30:00,SECTOR_12,industrial_accident,Moderate,"HOSP_022,HOSP_024",12,1.55,11
EVT_0324,2025-09-07 22:30:00,BB_007,blood_bank_failure,Severe,"HOSP_020,HOSP_028,HOSP_029,HOSP_009",48,1.0,33
EVT_0325,2025-09-13 17:30:00,BB_002,blood_bank_failure,Moderate,"HOSP_009,HOSP_002",25,1.0,11
EVT_0326,2025-09-13 12:15:00,SECTOR_12,road_accident,Minor,"HOSP_022,HOSP_028,HOSP_027",7,1.32,5
EVT_0327,2025-09-15 08:30:00,METRO_DISTRICT_C,disease_spike,Severe,"HOSP_014,HOSP_016,HOSP_018,HOSP_006,HOSP_023,HOSP_011",80,2.03,13
EVT_0328,2025-09-16 16:00:00,METRO_DISTRICT_D,disease_spike,Minor,"HOSP_012,HOSP_009,HOSP_014,HOSP_004,HOSP_029",3,1.18,4
EVT_0329,2025-09-16 10:30:00,METRO_DISTRICT_C,disease_spike,Moderate,"HOSP_029,HOSP_011,HOSP_013,HOSP_022,HOSP_020",34,1.66,15
EVT_0330,2025-09-17 22:30:00,CORRIDOR_CENTRAL,transport_disruption,Minor,"HOSP_029,HOSP_030,HOSP_014",5,1.0,6
EVT_0331,2025-09-17 00:45:00,METRO_DISTRICT_D,surgery_surge,Minor,"HOSP_022,HOSP_016,HOSP_021,HOSP_008,HOSP_002",10,1.28,2
EVT_0332,2025-09-18 18:00:00,METRO_DISTRICT_C,disease_spike,Critical,"HOSP_014,HOSP_016,HOSP_020,HOSP_004,HOSP_021,HOSP_029",129,2.47,30
EVT_0333,2025-09-20 17:15:00,METRO_DISTRICT_A,surgery_surge,Moderate,"HOSP_027,HOSP_005,HOSP_010",30,1.58,9
EVT_0334,2025-09-21 21:45:00,SECTOR_09,mass_casualty,Moderate,"HOSP_007,HOSP_021,HOSP_003",19,1.37,14
EVT_0335,2025-09-22 22:00:00,METRO_DISTRICT_B,surgery_surge,Minor,"HOSP_015,HOSP_027,HOSP_005,HOSP_018,HOSP_028",6,1.27,3
EVT_0336,2025-09-24 11:30:00,CORRIDOR_EAST,transport_disruption,Minor,"HOSP_004,HOSP_015,HOSP_019",7,1.0,5
EVT_0337,2025-09-25 18:00:00,METRO_DISTRICT_A,disease_spike,Severe,"HOSP_007,HOSP_010,HOSP_011,HOSP_021,HOSP_014,HOSP_018",70,2.27,19
EVT_0338,2025-09-25 21:15:00,METRO_DISTRICT_C,disease_spike,Moderate,"HOSP_002,HOSP_017,HOSP_012",34,1.63,13
EVT_0339,2025-09-26 20:15:00,METRO_DISTRICT_C,disease_spike,Moderate,"HOSP_013,HOSP_029,HOSP_005,HOSP_020,HOSP_011,HOSP_027",12,1.48,15
EVT_0340,2025-09-27 10:00:00,METRO_DISTRICT_B,disease_spike,Critical,"HOSP_027,HOSP_003,HOSP_014,HOSP_002,HOSP_021",198,3.0,46
EVT_0341,2025-09-28 01:45:00,SECTOR_07,road_accident,Critical,"HOSP_007,HOSP_029",172,2.92,66
EVT_0342,2025-09-30 05:00:00,METRO_DISTRICT_A,disease_spike,Severe,"HOSP_003,HOSP_027,HOSP_013,HOSP_005,HOSP_017,HOSP_009",77,2.14,12
EVT_0343,2025-10-01 21:45:00,SECTOR_12,mass_casualty,Minor,"HOSP_011,HOSP_028",4,1.17,6
EVT_0344,2025-10-05 14:00:00,SECTOR_06,road_accident,Moderate,"HOSP_030,HOSP_007,HOSP_013",12,1.53,8
EVT_0345,2025-10-06 03:15:00,SECTOR_09,road_accident,Severe,"HOSP_007,HOSP_021",43,1.95,14
EVT_0346,2025-10-06 02:15:00,METRO_DISTRICT_B,disease_spike,Minor,"HOSP_002,HOSP_012,HOSP_027,HOSP_009,HOSP_011,HOSP_022",10,1.33,3
EVT_0347,2025-10-07 06:15:00,CORRIDOR_EAST,transport_disruption,Moderate,"HOSP_029,HOSP_022,HOSP_013",29,1.0,18
EVT_0348,2025-10-09 00:45:00,SECTOR_09,mass_casualty,Minor,"HOSP_030,HOSP_018,HOSP_008",12,1.33,2
EVT_0349,2025-10-12 15:45:00,METRO_DISTRICT_C,disease_spike,Minor,"HOSP_004,HOSP_018,HOSP_026",7,1.18,6
EVT_0350,2025-10-14 02:45:00,SECTOR_13,industrial_accident,Minor,"HOSP_011,HOSP_028,HOSP_023",10,1.25,6
EVT_0351,2025-10-18 07:00:00,SECTOR_01,industrial_accident,Minor,"HOSP_007,HOSP_021",9,1.35,4
EVT_0352,2025-10-20 18:45:00,METRO_DISTRICT_C,surgery_surge,Moderate,"HOSP_003,HOSP_002,HOSP_015,HOSP_009,HOSP_013",14,1.55,16
EVT_0353,2025-10-22 00:00:00,SECTOR_09,mass_casualty,Minor,"HOSP_007,HOSP_020,HOSP_008",8,1.16,2
EVT_0354,2025-10-29 13:15:00,SECTOR_13,mass_casualty,Moderate,"HOSP_022,HOSP_024,HOSP_009",29,1.48,9
EVT_0355,2025-11-01 19:15:00,BB_009,blood_bank_failure,Minor,"HOSP_012,HOSP_028,HOSP_013",12,1.0,6
EVT_0356,2025-11-02 01:30:00,SECTOR_04,mass_casualty,Severe,"HOSP_007,HOSP_019,HOSP_001",37,1.8,18
EVT_0357,2025-11-02 16:15:00,SECTOR_14,mass_casualty,Moderate,"HOSP_022,HOSP_003",12,1.45,7
EVT_0358,2025-11-03 18:15:00,SECTOR_11,road_accident,Critical,"HOSP_007,HOSP_020",140,3.22,57
EVT_0359,2025-11-03 08:15:00,SECTOR_04,industrial_accident,Minor,"HOSP_022,HOSP_025",6,1.33,4
EVT_0360,2025-11-06 15:15:00,METRO_DISTRICT_C,disease_spike,Minor,"HOSP_021,HOSP_010,HOSP_009,HOSP_015,HOSP_018",4,1.24,3
EVT_0361,2025-11-06 20:30:00,SECTOR_07,mass_casualty,Severe,"HOSP_011,HOSP_020,HOSP_008",61,2.07,29
EVT_0362,2025-11-07 12:15:00,METRO_DISTRICT_A,surgery_surge,Minor,"HOSP_017,HOSP_021,HOSP_024,HOSP_011,HOSP_006",10,1.19,3
EVT_0363,2025-11-10 20:15:00,METRO_DISTRICT_D,natural_disaster,Minor,"HOSP_003,HOSP_019,HOSP_010",11,1.29,2
EVT_0364,2025-11-15 22:45:00,SECTOR_11,industrial_accident,Moderate,"HOSP_011,HOSP_030,HOSP_007",27,1.5,7
EVT_0365,2025-11-15 19:15:00,SECTOR_04,road_accident,Minor,"HOSP_011,HOSP_005",6,1.27,6
EVT_0366,2025-11-17 14:15:00,METRO_DISTRICT_C,surgery_surge,Minor,"HOSP_019,HOSP_017,HOSP_028,HOSP_009",8,1.15,5
EVT_0367,2025-11-18 22:45:00,METRO_DISTRICT_C,surgery_surge,Moderate,"HOSP_005,HOSP_029,HOSP_001,HOSP_016,HOSP_006,HOSP_007",25,1.67,13
EVT_0368,2025-11-18 08:45:00,SECTOR_04,road_accident,Minor,"HOSP_030,HOSP_019,HOSP_005",4,1.27,2
EVT_0369,2025-11-21 16:30:00,SECTOR_13,mass_casualty,Moderate,"HOSP_022,HOSP_023",22,1.67,17
EVT_0370,2025-11-21 15:00:00,CORRIDOR_SOUTH,transport_disruption,Minor,"HOSP_014,HOSP_010,HOSP_023",6,1.0,6
EVT_0371,2025-11-24 22:45:00,BB_002,blood_bank_failure,Severe,"HOSP_028,HOSP_020",44,1.0,26
EVT_0372,2025-11-25 05:00:00,SECTOR_13,industrial_accident,Minor,"HOSP_030,HOSP_025,HOSP_011",10,1.33,6
EVT_0373,2025-11-25 23:45:00,SECTOR_09,road_accident,Critical,"HOSP_007,HOSP_011,HOSP_005",87,3.07,52
EVT_0374,2025-11-26 03:15:00,SECTOR_14,industrial_accident,Minor,"HOSP_007,HOSP_023",5,1.25,2
EVT_0375,2025-11-27 10:15:00,SECTOR_05,road_accident,Moderate,"HOSP_022,HOSP_029",21,1.52,16
EVT_0376,2025-11-29 09:45:00,SECTOR_04,industrial_accident,Moderate,"HOSP_007,HOSP_008,HOSP_022",17,1.6,18
EVT_0377,2025-12-01 21:15:00,METRO_DISTRICT_C,natural_disaster,Severe,"HOSP_009,HOSP_001,HOSP_002,HOSP_026,HOSP_022,HOSP_004",35,1.82,33
EVT_0378,2025-12-03 07:00:00,SECTOR_14,industrial_accident,Minor,"HOSP_011,HOSP_007,HOSP_021",4,1.25,2
EVT_0379,2025-12-05 11:45:00,SECTOR_04,road_accident,Minor,"HOSP_022,HOSP_030",12,1.21,6
EVT_0380,2025-12-09 00:30:00,SECTOR_07,road_accident,Minor,"HOSP_007,HOSP_028,HOSP_021",5,1.26,6
EVT_0381,2025-12-12 15:30:00,CORRIDOR_WEST,transport_disruption,Moderate,"HOSP_027,HOSP_001,HOSP_017",27,1.0,7
EVT_0382,2025-12-12 00:00:00,SECTOR_11,mass_casualty,Moderate,"HOSP_022,HOSP_027",35,1.51,14
EVT_0383,2025-12-15 13:00:00,METRO_DISTRICT_D,surgery_surge,Moderate,"HOSP_003,HOSP_019,HOSP_022,HOSP_016,HOSP_004,HOSP_020",35,1.51,12
EVT_0384,2025-12-20 20:00:00,METRO_DISTRICT_B,surgery_surge,Minor,"HOSP_005,HOSP_003,HOSP_008,HOSP_025,HOSP_018",12,1.28,3
EVT_0385,2025-12-21 16:30:00,CORRIDOR_CENTRAL,transport_disruption,Critical,"HOSP_016,HOSP_019",102,1.0,29
EVT_0386,2025-12-24 21:30:00,SECTOR_04,road_accident,Severe,"HOSP_030,HOSP_001",51,2.08,27
EVT_0387,2025-12-25 13:00:00,SECTOR_06,road_accident,Moderate,"HOSP_007,HOSP_030",12,1.46,11
EVT_0388,2025-12-28 23:00:00,SECTOR_09,road_accident,Moderate,"HOSP_007,HOSP_002,HOSP_029",14,1.57,8
EVT_0389,2025-12-29 04:00:00,METRO_DISTRICT_C,surgery_surge,Moderate,"HOSP_014,HOSP_009,HOSP_005",33,1.67,12
EVT_0390,2025-12-30 19:30:00,METRO_DISTRICT_B,natural_disaster,Minor,"HOSP_029,HOSP_030,HOSP_009,HOSP_022,HOSP_020",7,1.25,5
