route_id,source_id,source_type,destination_id,destination_type,distance_km,travel_time_minutes,transport_capacity,traffic_factor,route_status
RT_00001,BB_001,Blood_Bank,HOSP_001,Hospital,14.87,27.5,30,1.17,Active
RT_00002,BB_001,Blood_Bank,HOSP_002,Hospital,10.2,17.4,100,1.08,Active
RT_00003,BB_001,Blood_Bank,HOSP_003,Hospital,22.16,39.9,100,1.14,Active
RT_00004,BB_001,Blood_Bank,HOSP_004,Hospital,13.59,25.3,100,1.18,Active
RT_00005,BB_001,Blood_Bank,HOSP_005,Hospital,22.65,47.9,80,1.34,Active
RT_00006,BB_001,Blood_Bank,HOSP_006,Hospital,24.59,41.9,100,1.08,Active
RT_00007,BB_001,Blood_Bank,HOSP_007,Hospital,22.13,46.1,50,1.32,Active
RT_00008,BB_001,Blood_Bank,HOSP_008,Hospital,19.06,42.1,80,1.4,Active
RT_00009,BB_001,Blood_Bank,HOSP_009,Hospital,62.64,141.4,120,1.43,Active
RT_00010,BB_001,Blood_Bank,HOSP_010,Hospital,53.96,117.6,80,1.38,Active
RT_00011,BB_001,Blood_Bank,HOSP_011,Hospital,31.9,63.0,50,1.25,Active
RT_00012,BB_001,Blood_Bank,HOSP_012,Hospital,23.99,54.2,50,1.43,Active
RT_00013,BB_001,Blood_Bank,HOSP_013,Hospital,12.75,27.2,80,1.35,Active
RT_00014,BB_001,Blood_Bank,HOSP_014,Hospital,37.08,71.4,80,1.22,Active
RT_00015,BB_001,Blood_Bank,HOSP_015,Hospital,55.13,92.3,100,1.06,Active
RT_00016,BB_001,Blood_Bank,HOSP_016,Hospital,27.4,49.8,80,1.15,Active
RT_00017,BB_001,Blood_Bank,HOSP_017,Hospital,42.46,93.2,80,1.39,Active
RT_00018,BB_001,Blood_Bank,HOSP_018,Hospital,46.59,78.0,80,1.06,Active
RT_00019,BB_001,Blood_Bank,HOSP_019,Hospital,38.51,80.3,80,1.32,Active
RT_00020,BB_001,Blood_Bank,HOSP_020,Hospital,31.73,53.6,100,1.07,Active
RT_00021,BB_001,Blood_Bank,HOSP_021,Hospital,20.53,38.3,100,1.18,Active
RT_00022,BB_001,Blood_Bank,HOSP_022,Hospital,12.59,25.2,50,1.27,Active
RT_00023,BB_001,Blood_Bank,HOSP_023,Hospital,65.0,135.5,120,1.32,Active
RT_00024,BB_001,Blood_Bank,HOSP_024,Hospital,6.02,13.5,80,1.42,Active
RT_00025,BB_001,Blood_Bank,HOSP_025,Hospital,26.77,49.9,80,1.18,Active
RT_00026,BB_001,Blood_Bank,HOSP_026,Hospital,27.15,55.7,120,1.3,Active
RT_00027,BB_001,Blood_Bank,HOSP_027,Hospital,19.93,33.0,80,1.05,Active
RT_00028,BB_001,Blood_Bank,HOSP_028,Hospital,16.96,29.5,50,1.1,Active
RT_00029,BB_001,Blood_Bank,HOSP_029,Hospital,77.11,131.5,100,1.08,Active
RT_00030,BB_001,Blood_Bank,HOSP_030,Hospital,55.44,110.3,120,1.26,Active
RT_00031,BB_002,Blood_Bank,HOSP_001,Hospital,20.78,39.7,80,1.21,Active
RT_00032,BB_002,Blood_Bank,HOSP_002,Hospital,16.13,28.5,80,1.12,Active
RT_00033,BB_002,Blood_Bank,HOSP_003,Hospital,1.7,2.9,100,1.08,Active
RT_00034,BB_002,Blood_Bank,HOSP_004,Hospital,10.48,20.2,80,1.22,Active
RT_00035,BB_002,Blood_Bank,HOSP_005,Hospital,10.16,19.7,120,1.23,Active
RT_00036,BB_002,Blood_Bank,HOSP_006,Hospital,18.6,31.7,50,1.08,Active
RT_00037,BB_002,Blood_Bank,HOSP_007,Hospital,8.32,15.4,80,1.17,Active
RT_00038,BB_002,Blood_Bank,HOSP_008,Hospital,9.86,22.0,80,1.41,Active
RT_00039,BB_002,Blood_Bank,HOSP_009,Hospital,47.61,97.0,30,1.29,Active
RT_00040,BB_002,Blood_Bank,HOSP_010,Hospital,33.02,75.1,100,1.44,Active
RT_00041,BB_002,Blood_Bank,HOSP_011,Hospital,20.41,45.8,120,1.42,Active
RT_00042,BB_002,Blood_Bank,HOSP_012,Hospital,5.26,9.9,30,1.19,Active
RT_00043,BB_002,Blood_Bank,HOSP_013,Hospital,12.23,23.6,100,1.22,Active
RT_00044,BB_002,Blood_Bank,HOSP_014,Hospital,21.53,39.4,80,1.16,Active
RT_00045,BB_002,Blood_Bank,HOSP_015,Hospital,31.43,52.6,100,1.06,Disrupted
RT_00046,BB_002,Blood_Bank,HOSP_016,Hospital,17.51,36.2,50,1.31,Active
RT_00047,BB_002,Blood_Bank,HOSP_017,Hospital,38.52,73.6,80,1.21,Active
RT_00048,BB_002,Blood_Bank,HOSP_018,Hospital,66.02,126.1,50,1.21,Active
RT_00049,BB_002,Blood_Bank,HOSP_019,Hospital,38.05,66.7,50,1.11,Active
RT_00050,BB_002,Blood_Bank,HOSP_020,Hospital,19.75,43.0,50,1.38,Active
RT_00051,BB_002,Blood_Bank,HOSP_021,Hospital,10.3,19.2,80,1.18,Active
RT_00052,BB_002,Blood_Bank,HOSP_022,Hospital,11.78,25.3,100,1.36,Active
RT_00053,BB_002,Blood_Bank,HOSP_023,Hospital,53.63,95.7,80,1.13,Congested
RT_00054,BB_002,Blood_Bank,HOSP_024,Hospital,17.69,39.1,100,1.4,Active
RT_00055,BB_002,Blood_Bank,HOSP_025,Hospital,41.24,79.4,120,1.22,Congested
RT_00056,BB_002,Blood_Bank,HOSP_026,Hospital,26.84,52.1,100,1.23,Active
RT_00057,BB_002,Blood_Bank,HOSP_027,Hospital,6.41,14.7,120,1.45,Active
RT_00058,BB_002,Blood_Bank,HOSP_028,Hospital,21.66,45.1,100,1.32,Active
RT_00059,BB_002,Blood_Bank,HOSP_029,Hospital,62.35,126.0,50,1.28,Active
RT_00060,BB_002,Blood_Bank,HOSP_030,Hospital,49.25,84.0,100,1.08,Active
RT_00061,BB_003,Blood_Bank,HOSP_001,Hospital,5.61,11.8,50,1.33,Active
RT_00062,BB_003,Blood_Bank,HOSP_002,Hospital,9.82,17.1,50,1.1,Active
RT_00063,BB_003,Blood_Bank,HOSP_003,Hospital,16.59,28.3,120,1.08,Active
RT_00064,BB_003,Blood_Bank,HOSP_004,Hospital,12.34,23.6,80,1.21,Disrupted
RT_00065,BB_003,Blood_Bank,HOSP_005,Hospital,25.23,53.8,30,1.35,Active
RT_00066,BB_003,Blood_Bank,HOSP_006,Hospital,5.44,10.5,120,1.22,Active
RT_00067,BB_003,Blood_Bank,HOSP_007,Hospital,23.52,43.5,100,1.17,Active
RT_00068,BB_003,Blood_Bank,HOSP_008,Hospital,8.21,17.0,100,1.31,Disrupted
RT_00069,BB_003,Blood_Bank,HOSP_009,Hospital,65.52,116.9,50,1.13,Active
RT_00070,BB_003,Blood_Bank,HOSP_010,Hospital,50.59,109.4,100,1.37,Active
RT_00071,BB_003,Blood_Bank,HOSP_011,Hospital,13.17,26.2,50,1.26,Active
RT_00072,BB_003,Blood_Bank,HOSP_012,Hospital,13.98,26.7,50,1.21,Congested
RT_00073,BB_003,Blood_Bank,HOSP_013,Hospital,10.49,20.2,80,1.22,Active
RT_00074,BB_003,Blood_Bank,HOSP_014,Hospital,39.14,83.4,120,1.35,Active
RT_00075,BB_003,Blood_Bank,HOSP_015,Hospital,45.17,95.6,100,1.34,Active
RT_00076,BB_003,Blood_Bank,HOSP_016,Hospital,8.9,18.7,50,1.33,Active
RT_00077,BB_003,Blood_Bank,HOSP_017,Hospital,24.48,41.7,100,1.08,Active
RT_00078,BB_003,Blood_Bank,HOSP_018,Hospital,50.12,95.0,120,1.2,Active
RT_00079,BB_003,Blood_Bank,HOSP_019,Hospital,50.78,97.0,80,1.21,Active
RT_00080,BB_003,Blood_Bank,HOSP_020,Hospital,13.17,24.1,50,1.16,Active
RT_00081,BB_003,Blood_Bank,HOSP_021,Hospital,23.96,48.8,120,1.29,Active
RT_00082,BB_003,Blood_Bank,HOSP_022,Hospital,11.58,26.3,120,1.44,Active
RT_00083,BB_003,Blood_Bank,HOSP_023,Hospital,45.78,81.0,50,1.12,Active
RT_00084,BB_003,Blood_Bank,HOSP_024,Hospital,16.0,27.3,30,1.08,Active
RT_00085,BB_003,Blood_Bank,HOSP_025,Hospital,24.28,51.8,50,1.35,Active
RT_00086,BB_003,Blood_Bank,HOSP_026,Hospital,9.88,17.9,50,1.15,Active
RT_00087,BB_003,Blood_Bank,HOSP_027,Hospital,20.18,39.5,120,1.24,Active
RT_00088,BB_003,Blood_Bank,HOSP_028,Hospital,4.82,9.8,30,1.29,Active
RT_00089,BB_003,Blood_Bank,HOSP_029,Hospital,57.9,97.8,30,1.07,Active
RT_00090,BB_003,Blood_Bank,HOSP_030,Hospital,37.07,69.1,100,1.18,Active
RT_00091,BB_004,Blood_Bank,HOSP_001,Hospital,12.11,24.9,50,1.3,Active
RT_00092,BB_004,Blood_Bank,HOSP_002,Hospital,17.74,35.3,80,1.26,Active
RT_00093,BB_004,Blood_Bank,HOSP_003,Hospital,22.16,37.4,30,1.07,Active
RT_00094,BB_004,Blood_Bank,HOSP_004,Hospital,19.89,35.8,80,1.14,Active
RT_00095,BB_004,Blood_Bank,HOSP_005,Hospital,31.87,56.9,100,1.13,Disrupted
RT_00096,BB_004,Blood_Bank,HOSP_006,Hospital,4.71,8.8,50,1.19,Active
RT_00097,BB_004,Blood_Bank,HOSP_007,Hospital,30.05,64.5,120,1.36,Active
RT_00098,BB_004,Blood_Bank,HOSP_008,Hospital,14.34,28.3,120,1.25,Disrupted
RT_00099,BB_004,Blood_Bank,HOSP_009,Hospital,70.74,134.0,100,1.2,Active
RT_00100,BB_004,Blood_Bank,HOSP_010,Hospital,54.07,111.8,120,1.31,Active
RT_00101,BB_004,Blood_Bank,HOSP_011,Hospital,9.09,15.5,30,1.08,Active
RT_00102,BB_004,Blood_Bank,HOSP_012,Hospital,18.34,41.7,80,1.44,Active
RT_00103,BB_004,Blood_Bank,HOSP_013,Hospital,18.25,39.2,100,1.36,Congested
RT_00104,BB_004,Blood_Bank,HOSP_014,Hospital,44.84,97.0,120,1.37,Active
RT_00105,BB_004,Blood_Bank,HOSP_015,Hospital,45.9,84.1,80,1.16,Active
RT_00106,BB_004,Blood_Bank,HOSP_016,Hospital,7.23,12.8,120,1.12,Active
RT_00107,BB_004,Blood_Bank,HOSP_017,Hospital,16.61,35.1,30,1.34,Disrupted
RT_00108,BB_004,Blood_Bank,HOSP_018,Hospital,50.78,104.2,80,1.3,Active
RT_00109,BB_004,Blood_Bank,HOSP_019,Hospital,58.3,124.3,30,1.35,Active
RT_00110,BB_004,Blood_Bank,HOSP_020,Hospital,9.53,20.8,80,1.38,Active
RT_00111,BB_004,Blood_Bank,HOSP_021,Hospital,30.87,58.0,120,1.19,Active
RT_00112,BB_004,Blood_Bank,HOSP_022,Hospital,19.3,37.8,50,1.24,Active
RT_00113,BB_004,Blood_Bank,HOSP_023,Hospital,38.24,74.3,80,1.23,Active
RT_00114,BB_004,Blood_Bank,HOSP_024,Hospital,23.92,44.2,80,1.17,Active
RT_00115,BB_004,Blood_Bank,HOSP_025,Hospital,24.71,41.4,50,1.06,Active
RT_00116,BB_004,Blood_Bank,HOSP_026,Hospital,4.13,7.9,100,1.21,Congested
RT_00117,BB_004,Blood_Bank,HOSP_027,Hospital,26.81,51.6,80,1.22,Active
RT_00118,BB_004,Blood_Bank,HOSP_028,Hospital,10.22,21.1,50,1.31,Active
RT_00119,BB_004,Blood_Bank,HOSP_029,Hospital,50.95,105.4,50,1.31,Disrupted
RT_00120,BB_004,Blood_Bank,HOSP_030,Hospital,29.13,55.7,50,1.21,Active
RT_00121,BB_005,Blood_Bank,HOSP_001,Hospital,32.18,63.5,100,1.25,Active
RT_00122,BB_005,Blood_Bank,HOSP_002,Hospital,39.57,83.1,50,1.33,Active
RT_00123,BB_005,Blood_Bank,HOSP_003,Hospital,49.23,85.5,30,1.1,Active
RT_00124,BB_005,Blood_Bank,HOSP_004,Hospital,44.35,91.0,30,1.3,Active
RT_00125,BB_005,Blood_Bank,HOSP_005,Hospital,57.82,115.9,100,1.27,Active
RT_00126,BB_005,Blood_Bank,HOSP_006,Hospital,32.42,73.7,100,1.44,Active
RT_00127,BB_005,Blood_Bank,HOSP_007,Hospital,56.18,96.7,30,1.09,Active
RT_00128,BB_005,Blood_Bank,HOSP_008,Hospital,40.88,71.0,120,1.1,Active
RT_00129,BB_005,Blood_Bank,HOSP_009,Hospital,98.19,184.5,100,1.19,Active
RT_00130,BB_005,Blood_Bank,HOSP_010,Hospital,81.94,156.5,120,1.21,Active
RT_00131,BB_005,Blood_Bank,HOSP_011,Hospital,35.11,76.5,50,1.38,Active
RT_00132,BB_005,Blood_Bank,HOSP_012,Hospital,45.95,87.8,80,1.21,Active
RT_00133,BB_005,Blood_Bank,HOSP_013,Hospital,42.16,80.5,80,1.21,Active
RT_00134,BB_005,Blood_Bank,HOSP_014,Hospital,71.88,154.4,80,1.36,Active
RT_00135,BB_005,Blood_Bank,HOSP_015,Hospital,72.59,158.2,100,1.38,Active
RT_00136,BB_005,Blood_Bank,HOSP_016,Hospital,34.95,65.1,80,1.18,Active
RT_00137,BB_005,Blood_Bank,HOSP_017,Hospital,21.02,46.5,50,1.4,Active
RT_00138,BB_005,Blood_Bank,HOSP_018,Hospital,34.8,78.6,120,1.43,Active
RT_00139,BB_005,Blood_Bank,HOSP_019,Hospital,81.4,138.8,100,1.08,Active
RT_00140,BB_005,Blood_Bank,HOSP_020,Hospital,35.8,62.2,50,1.1,Active
RT_00141,BB_005,Blood_Bank,HOSP_021,Hospital,56.38,105.0,100,1.18,Active
RT_00142,BB_005,Blood_Bank,HOSP_022,Hospital,43.25,74.4,80,1.09,Active
RT_00143,BB_005,Blood_Bank,HOSP_023,Hospital,42.59,91.5,120,1.36,Disrupted
RT_00144,BB_005,Blood_Bank,HOSP_024,Hospital,44.52,97.0,50,1.38,Active
RT_00145,BB_005,Blood_Bank,HOSP_025,Hospital,19.87,33.9,30,1.08,Active
RT_00146,BB_005,Blood_Bank,HOSP_026,Hospital,23.94,52.2,100,1.38,Active
RT_00147,BB_005,Blood_Bank,HOSP_027,Hospital,52.83,106.8,80,1.28,Active
RT_00148,BB_005,Blood_Bank,HOSP_028,Hospital,30.4,67.7,30,1.41,Active
RT_00149,BB_005,Blood_Bank,HOSP_029,Hospital,57.8,108.6,80,1.19,Disrupted
RT_00150,BB_005,Blood_Bank,HOSP_030,Hospital,27.75,57.8,100,1.32,Active
RT_00151,BB_006,Blood_Bank,HOSP_001,Hospital,78.68,141.6,100,1.14,Active
RT_00152,BB_006,Blood_Bank,HOSP_002,Hospital,73.76,139.8,50,1.2,Active
RT_00153,BB_006,Blood_Bank,HOSP_003,Hospital,59.64,129.0,80,1.37,Active
RT_00154,BB_006,Blood_Bank,HOSP_004,Hospital,67.8,113.5,80,1.06,Active
RT_00155,BB_006,Blood_Bank,HOSP_005,Hospital,56.23,94.1,30,1.06,Active
RT_00156,BB_006,Blood_Bank,HOSP_006,Hospital,73.73,163.0,120,1.4,Active
RT_00157,BB_006,Blood_Bank,HOSP_007,Hospital,56.79,124.6,30,1.39,Active
RT_00158,BB_006,Blood_Bank,HOSP_008,Hospital,67.43,129.9,30,1.22,Active
RT_00159,BB_006,Blood_Bank,HOSP_009,Hospital,27.24,49.5,50,1.15,Active
RT_00160,BB_006,Blood_Bank,HOSP_010,Hospital,25.07,55.0,50,1.39,Active
RT_00161,BB_006,Blood_Bank,HOSP_011,Hospital,70.65,122.7,50,1.1,Active
RT_00162,BB_006,Blood_Bank,HOSP_012,Hospital,61.24,125.7,30,1.3,Active
RT_00163,BB_006,Blood_Bank,HOSP_013,Hospital,69.87,118.0,50,1.07,Active
RT_00164,BB_006,Blood_Bank,HOSP_014,Hospital,42.71,79.6,50,1.18,Active
RT_00165,BB_006,Blood_Bank,HOSP_015,Hospital,34.78,78.0,50,1.42,Active
RT_00166,BB_006,Blood_Bank,HOSP_016,Hospital,70.78,139.7,120,1.25,Active
RT_00167,BB_006,Blood_Bank,HOSP_017,Hospital,88.12,201.7,120,1.45,Active
RT_00168,BB_006,Blood_Bank,HOSP_018,Hospital,123.88,226.9,100,1.16,Active
RT_00169,BB_006,Blood_Bank,HOSP_019,Hospital,59.78,106.7,80,1.13,Active
RT_00170,BB_006,Blood_Bank,HOSP_020,Hospital,69.94,143.6,30,1.3,Active
RT_00171,BB_006,Blood_Bank,HOSP_021,Hospital,58.36,132.7,120,1.44,Active
RT_00172,BB_006,Blood_Bank,HOSP_022,Hospital,69.18,131.1,30,1.2,Active
RT_00173,BB_006,Blood_Bank,HOSP_023,Hospital,88.71,193.3,30,1.38,Active
RT_00174,BB_006,Blood_Bank,HOSP_024,Hospital,73.36,162.2,100,1.4,Active
RT_00175,BB_006,Blood_Bank,HOSP_025,Hospital,99.13,178.4,120,1.14,Active
RT_00176,BB_006,Blood_Bank,HOSP_026,Hospital,82.07,163.3,120,1.26,Active
RT_00177,BB_006,Blood_Bank,HOSP_027,Hospital,59.36,134.0,100,1.43,Active
RT_00178,BB_006,Blood_Bank,HOSP_028,Hospital,79.37,142.9,50,1.14,Disrupted
RT_00179,BB_006,Blood_Bank,HOSP_029,Hospital,87.22,144.6,100,1.05,Congested
RT_00180,BB_006,Blood_Bank,HOSP_030,Hospital,93.46,162.3,80,1.1,Active
RT_00181,BB_007,Blood_Bank,HOSP_001,Hospital,25.17,56.4,80,1.42,Active
RT_00182,BB_007,Blood_Bank,HOSP_002,Hospital,21.65,43.8,50,1.28,Active
RT_00183,BB_007,Blood_Bank,HOSP_003,Hospital,33.03,59.5,120,1.14,Active
RT_00184,BB_007,Blood_Bank,HOSP_004,Hospital,24.83,54.1,100,1.38,Active
RT_00185,BB_007,Blood_Bank,HOSP_005,Hospital,31.27,59.7,100,1.21,Active
RT_00186,BB_007,Blood_Bank,HOSP_006,Hospital,35.61,63.0,30,1.12,Active
RT_00187,BB_007,Blood_Bank,HOSP_007,Hospital,31.27,61.7,100,1.25,Active
RT_00188,BB_007,Blood_Bank,HOSP_008,Hospital,30.56,68.0,100,1.41,Active
RT_00189,BB_007,Blood_Bank,HOSP_009,Hospital,67.99,149.2,30,1.39,Active
RT_00190,BB_007,Blood_Bank,HOSP_010,Hospital,62.44,126.2,120,1.28,Active
RT_00191,BB_007,Blood_Bank,HOSP_011,Hospital,43.13,96.7,100,1.42,Active
RT_00192,BB_007,Blood_Bank,HOSP_012,Hospital,35.3,66.3,100,1.19,Active
RT_00193,BB_007,Blood_Bank,HOSP_013,Hospital,24.2,48.5,30,1.27,Disrupted
RT_00194,BB_007,Blood_Bank,HOSP_014,Hospital,44.22,88.0,50,1.26,Active
RT_00195,BB_007,Blood_Bank,HOSP_015,Hospital,65.6,117.0,100,1.13,Active
RT_00196,BB_007,Blood_Bank,HOSP_016,Hospital,38.65,73.2,100,1.2,Active
RT_00197,BB_007,Blood_Bank,HOSP_017,Hospital,51.92,88.5,50,1.08,Active
RT_00198,BB_007,Blood_Bank,HOSP_018,Hospital,43.57,94.2,80,1.37,Active
RT_00199,BB_007,Blood_Bank,HOSP_019,Hospital,39.0,84.4,30,1.37,Active
RT_00200,BB_007,Blood_Bank,HOSP_020,Hospital,43.0,93.0,100,1.37,Active
RT_00201,BB_007,Blood_Bank,HOSP_021,Hospital,29.19,59.9,100,1.3,Active
RT_00202,BB_007,Blood_Bank,HOSP_022,Hospital,23.96,41.6,50,1.1,Active
RT_00203,BB_007,Blood_Bank,HOSP_023,Hospital,75.47,144.2,120,1.21,Active
RT_00204,BB_007,Blood_Bank,HOSP_024,Hospital,17.12,37.6,120,1.39,Active
RT_00205,BB_007,Blood_Bank,HOSP_025,Hospital,30.17,59.5,100,1.25,Active
RT_00206,BB_007,Blood_Bank,HOSP_026,Hospital,36.89,77.5,120,1.33,Active
RT_00207,BB_007,Blood_Bank,HOSP_027,Hospital,29.77,53.6,120,1.14,Active
RT_00208,BB_007,Blood_Bank,HOSP_028,Hospital,27.08,51.7,30,1.21,Active
RT_00209,BB_007,Blood_Bank,HOSP_029,Hospital,88.06,201.6,120,1.45,Active
RT_00210,BB_007,Blood_Bank,HOSP_030,Hospital,64.95,117.9,120,1.15,Active
RT_00211,BB_008,Blood_Bank,HOSP_001,Hospital,26.72,49.8,120,1.18,Congested
RT_00212,BB_008,Blood_Bank,HOSP_002,Hospital,19.9,38.0,100,1.21,Active
RT_00213,BB_008,Blood_Bank,HOSP_003,Hospital,11.3,21.2,30,1.19,Active
RT_00214,BB_008,Blood_Bank,HOSP_004,Hospital,14.33,23.8,100,1.05,Active
RT_00215,BB_008,Blood_Bank,HOSP_005,Hospital,1.2,2.7,120,1.41,Active
RT_00216,BB_008,Blood_Bank,HOSP_006,Hospital,28.12,58.6,100,1.32,Active
RT_00217,BB_008,Blood_Bank,HOSP_007,Hospital,2.75,6.2,80,1.43,Active
RT_00218,BB_008,Blood_Bank,HOSP_008,Hospital,18.34,32.1,120,1.11,Active
RT_00219,BB_008,Blood_Bank,HOSP_009,Hospital,40.86,89.7,120,1.39,Active
RT_00220,BB_008,Blood_Bank,HOSP_010,Hospital,31.27,60.7,120,1.23,Active
RT_00221,BB_008,Blood_Bank,HOSP_011,Hospital,31.16,60.5,100,1.23,Active
RT_00222,BB_008,Blood_Bank,HOSP_012,Hospital,16.03,28.6,120,1.13,Active
RT_00223,BB_008,Blood_Bank,HOSP_013,Hospital,16.59,29.1,120,1.11,Disrupted
RT_00224,BB_008,Blood_Bank,HOSP_014,Hospital,14.48,28.8,120,1.26,Active
RT_00225,BB_008,Blood_Bank,HOSP_015,Hospital,35.89,77.6,120,1.37,Active
RT_00226,BB_008,Blood_Bank,HOSP_016,Hospital,27.83,54.0,30,1.23,Active
RT_00227,BB_008,Blood_Bank,HOSP_017,Hospital,48.69,81.5,100,1.06,Congested
RT_00228,BB_008,Blood_Bank,HOSP_018,Hospital,68.94,123.0,30,1.13,Active
RT_00229,BB_008,Blood_Bank,HOSP_019,Hospital,27.05,47.8,50,1.12,Active
RT_00230,BB_008,Blood_Bank,HOSP_020,Hospital,30.54,67.0,120,1.39,Active
RT_00231,BB_008,Blood_Bank,HOSP_021,Hospital,2.45,4.3,30,1.11,Active
RT_00232,BB_008,Blood_Bank,HOSP_022,Hospital,15.57,29.5,50,1.2,Active
RT_00233,BB_008,Blood_Bank,HOSP_023,Hospital,64.64,146.0,80,1.43,Active
RT_00234,BB_008,Blood_Bank,HOSP_024,Hospital,17.71,40.0,50,1.43,Active
RT_00235,BB_008,Blood_Bank,HOSP_025,Hospital,46.18,84.6,30,1.16,Active
RT_00236,BB_008,Blood_Bank,HOSP_026,Hospital,35.68,61.4,50,1.09,Active
RT_00237,BB_008,Blood_Bank,HOSP_027,Hospital,5.86,13.2,30,1.43,Active
RT_00238,BB_008,Blood_Bank,HOSP_028,Hospital,28.26,55.8,50,1.25,Active
RT_00239,BB_008,Blood_Bank,HOSP_029,Hospital,73.13,131.6,120,1.14,Active
RT_00240,BB_008,Blood_Bank,HOSP_030,Hospital,59.92,109.7,50,1.16,Active
RT_00241,BB_009,Blood_Bank,HOSP_001,Hospital,18.68,38.3,120,1.3,Congested
RT_00242,BB_009,Blood_Bank,HOSP_002,Hospital,18.2,33.0,50,1.15,Active
RT_00243,BB_009,Blood_Bank,HOSP_003,Hospital,32.12,62.4,100,1.23,Active
RT_00244,BB_009,Blood_Bank,HOSP_004,Hospital,23.3,41.9,120,1.14,Active
RT_00245,BB_009,Blood_Bank,HOSP_005,Hospital,33.62,59.5,120,1.12,Disrupted
RT_00246,BB_009,Blood_Bank,HOSP_006,Hospital,29.58,50.0,100,1.07,Active
RT_00247,BB_009,Blood_Bank,HOSP_007,Hospital,33.05,64.7,30,1.24,Active
RT_00248,BB_009,Blood_Bank,HOSP_008,Hospital,27.21,52.8,120,1.23,Active
RT_00249,BB_009,Blood_Bank,HOSP_009,Hospital,73.39,142.5,50,1.23,Active
RT_00250,BB_009,Blood_Bank,HOSP_010,Hospital,64.87,134.2,30,1.31,Active
RT_00251,BB_009,Blood_Bank,HOSP_011,Hospital,37.37,74.9,100,1.27,Active
RT_00252,BB_009,Blood_Bank,HOSP_012,Hospital,33.05,64.2,120,1.23,Active
RT_00253,BB_009,Blood_Bank,HOSP_013,Hospital,21.81,47.9,80,1.39,Active
RT_00254,BB_009,Blood_Bank,HOSP_014,Hospital,48.04,91.0,120,1.2,Active
RT_00255,BB_009,Blood_Bank,HOSP_015,Hospital,65.1,146.0,50,1.42,Active
RT_00256,BB_009,Blood_Bank,HOSP_016,Hospital,33.13,59.1,80,1.13,Active
RT_00257,BB_009,Blood_Bank,HOSP_017,Hospital,43.36,74.6,80,1.09,Active
RT_00258,BB_009,Blood_Bank,HOSP_018,Hospital,36.03,62.0,80,1.09,Active
RT_00259,BB_009,Blood_Bank,HOSP_019,Hospital,47.22,102.9,30,1.38,Active
RT_00260,BB_009,Blood_Bank,HOSP_020,Hospital,37.4,65.0,30,1.1,Active
RT_00261,BB_009,Blood_Bank,HOSP_021,Hospital,31.51,58.7,80,1.18,Congested
RT_00262,BB_009,Blood_Bank,HOSP_022,Hospital,22.05,42.1,100,1.21,Active
RT_00263,BB_009,Blood_Bank,HOSP_023,Hospital,67.71,135.8,80,1.27,Active
RT_00264,BB_009,Blood_Bank,HOSP_024,Hospital,16.56,31.4,100,1.2,Active
RT_00265,BB_009,Blood_Bank,HOSP_025,Hospital,19.98,33.4,100,1.06,Active
RT_00266,BB_009,Blood_Bank,HOSP_026,Hospital,28.94,59.4,80,1.3,Disrupted
RT_00267,BB_009,Blood_Bank,HOSP_027,Hospital,30.67,53.8,100,1.11,Active
RT_00268,BB_009,Blood_Bank,HOSP_028,Hospital,20.14,40.1,120,1.26,Active
RT_00269,BB_009,Blood_Bank,HOSP_029,Hospital,81.02,140.7,50,1.1,Active
RT_00270,BB_009,Blood_Bank,HOSP_030,Hospital,56.28,126.2,30,1.42,Active
RT_00271,BB_010,Blood_Bank,HOSP_001,Hospital,4.3,8.8,100,1.29,Active
RT_00272,BB_010,Blood_Bank,HOSP_002,Hospital,5.35,10.0,30,1.18,Active
RT_00273,BB_010,Blood_Bank,HOSP_003,Hospital,19.36,42.8,50,1.4,Active
RT_00274,BB_010,Blood_Bank,HOSP_004,Hospital,11.29,25.5,30,1.43,Active
RT_00275,BB_010,Blood_Bank,HOSP_005,Hospital,24.64,56.4,120,1.45,Active
RT_00276,BB_010,Blood_Bank,HOSP_006,Hospital,14.81,28.3,50,1.21,Active
RT_00277,BB_010,Blood_Bank,HOSP_007,Hospital,23.38,38.8,50,1.05,Active
RT_00278,BB_010,Blood_Bank,HOSP_008,Hospital,12.72,23.7,120,1.18,Active
RT_00279,BB_010,Blood_Bank,HOSP_009,Hospital,66.06,150.2,50,1.44,Active
RT_00280,BB_010,Blood_Bank,HOSP_010,Hospital,53.89,98.7,100,1.16,Active
RT_00281,BB_010,Blood_Bank,HOSP_011,Hospital,22.51,38.0,80,1.07,Active
RT_00282,BB_010,Blood_Bank,HOSP_012,Hospital,18.99,42.6,80,1.42,Active
RT_00283,BB_010,Blood_Bank,HOSP_013,Hospital,9.1,20.1,30,1.4,Active
RT_00284,BB_010,Blood_Bank,HOSP_014,Hospital,39.57,71.2,30,1.14,Congested
RT_00285,BB_010,Blood_Bank,HOSP_015,Hospital,51.4,113.6,120,1.4,Active
RT_00286,BB_010,Blood_Bank,HOSP_016,Hospital,18.16,34.7,100,1.21,Active
RT_00287,BB_010,Blood_Bank,HOSP_017,Hospital,31.86,53.8,30,1.07,Active
RT_00288,BB_010,Blood_Bank,HOSP_018,Hospital,44.98,96.6,100,1.36,Active
RT_00289,BB_010,Blood_Bank,HOSP_019,Hospital,46.45,105.6,50,1.44,Congested
RT_00290,BB_010,Blood_Bank,HOSP_020,Hospital,22.48,37.3,50,1.05,Active
RT_00291,BB_010,Blood_Bank,HOSP_021,Hospital,22.82,50.8,30,1.41,Active
RT_00292,BB_010,Blood_Bank,HOSP_022,Hospital,9.91,22.7,80,1.45,Active
RT_00293,BB_010,Blood_Bank,HOSP_023,Hospital,54.63,100.9,120,1.17,Active
RT_00294,BB_010,Blood_Bank,HOSP_024,Hospital,9.58,17.1,50,1.13,Active
RT_00295,BB_010,Blood_Bank,HOSP_025,Hospital,20.98,44.1,100,1.33,Active
RT_00296,BB_010,Blood_Bank,HOSP_026,Hospital,16.55,33.4,80,1.28,Active
RT_00297,BB_010,Blood_Bank,HOSP_027,Hospital,20.23,34.5,50,1.08,Active
RT_00298,BB_010,Blood_Bank,HOSP_028,Hospital,6.36,11.3,80,1.13,Disrupted
RT_00299,BB_010,Blood_Bank,HOSP_029,Hospital,67.13,117.7,30,1.11,Active
RT_00300,BB_010,Blood_Bank,HOSP_030,Hospital,44.84,95.6,120,1.35,Active
RT_00301,HOSP_001,Hospital,HOSP_002,Hospital,7.44,15.7,20,1.34,Active
RT_00302,HOSP_001,Hospital,HOSP_004,Hospital,12.39,27.8,20,1.42,Active
RT_00303,HOSP_001,Hospital,HOSP_005,Hospital,26.05,46.9,20,1.14,Active
RT_00304,HOSP_001,Hospital,HOSP_006,Hospital,10.9,22.2,20,1.29,Active
RT_00305,HOSP_001,Hospital,HOSP_007,Hospital,24.57,45.8,60,1.18,Disrupted
RT_00306,HOSP_001,Hospital,HOSP_008,Hospital,11.35,25.8,40,1.44,Active
RT_00307,HOSP_001,Hospital,HOSP_011,Hospital,18.69,41.6,40,1.41,Active
RT_00308,HOSP_001,Hospital,HOSP_012,Hospital,17.72,34.4,40,1.23,Active
RT_00309,HOSP_001,Hospital,HOSP_013,Hospital,10.13,23.2,60,1.45,Active
RT_00310,HOSP_001,Hospital,HOSP_016,Hospital,14.5,33.0,40,1.44,Active
RT_00311,HOSP_001,Hospital,HOSP_017,Hospital,27.65,63.7,40,1.46,Active
RT_00312,HOSP_001,Hospital,HOSP_020,Hospital,18.73,39.0,20,1.32,Active
RT_00313,HOSP_001,Hospital,HOSP_022,Hospital,11.18,24.2,60,1.37,Active
RT_00314,HOSP_001,Hospital,HOSP_024,Hospital,13.06,26.8,30,1.3,Active
RT_00315,HOSP_001,Hospital,HOSP_026,Hospital,12.33,28.4,60,1.46,Active
RT_00316,HOSP_001,Hospital,HOSP_027,Hospital,21.27,41.6,20,1.24,Active
RT_00317,HOSP_001,Hospital,HOSP_028,Hospital,2.14,3.7,30,1.09,Active
RT_00318,HOSP_002,Hospital,HOSP_001,Hospital,7.44,16.3,20,1.39,Active
RT_00319,HOSP_002,Hospital,HOSP_003,Hospital,14.43,33.5,30,1.47,Congested
RT_00320,HOSP_002,Hospital,HOSP_004,Hospital,5.98,11.0,30,1.16,Active
RT_00321,HOSP_002,Hospital,HOSP_005,Hospital,19.31,33.5,40,1.1,Disrupted
RT_00322,HOSP_002,Hospital,HOSP_006,Hospital,14.79,33.4,40,1.43,Active
RT_00323,HOSP_002,Hospital,HOSP_007,Hospital,18.02,42.7,30,1.5,Active
RT_00324,HOSP_002,Hospital,HOSP_008,Hospital,9.15,21.4,40,1.48,Active
RT_00325,HOSP_002,Hospital,HOSP_011,Hospital,21.81,50.3,30,1.46,Active
RT_00326,HOSP_002,Hospital,HOSP_012,Hospital,14.85,30.2,40,1.29,Active
RT_00327,HOSP_002,Hospital,HOSP_013,Hospital,3.92,7.6,40,1.23,Active
RT_00328,HOSP_002,Hospital,HOSP_016,Hospital,17.3,32.2,60,1.18,Active
RT_00329,HOSP_002,Hospital,HOSP_020,Hospital,21.6,50.8,60,1.49,Active
RT_00330,HOSP_002,Hospital,HOSP_021,Hospital,17.52,35.4,60,1.28,Disrupted
RT_00331,HOSP_002,Hospital,HOSP_022,Hospital,4.6,8.1,40,1.11,Active
RT_00332,HOSP_002,Hospital,HOSP_024,Hospital,6.18,10.9,60,1.12,Active
RT_00333,HOSP_002,Hospital,HOSP_027,Hospital,14.88,28.0,30,1.19,Active
RT_00334,HOSP_002,Hospital,HOSP_028,Hospital,9.42,20.4,20,1.37,Active
RT_00335,HOSP_003,Hospital,HOSP_002,Hospital,14.43,26.7,60,1.17,Active
RT_00336,HOSP_003,Hospital,HOSP_004,Hospital,8.83,15.8,60,1.13,Active
RT_00337,HOSP_003,Hospital,HOSP_005,Hospital,10.45,20.0,30,1.21,Active
RT_00338,HOSP_003,Hospital,HOSP_006,Hospital,17.47,31.2,20,1.13,Active
RT_00339,HOSP_003,Hospital,HOSP_007,Hospital,8.56,15.3,40,1.13,Active
RT_00340,HOSP_003,Hospital,HOSP_008,Hospital,8.38,17.1,40,1.29,Active
RT_00341,HOSP_003,Hospital,HOSP_011,Hospital,19.86,44.5,30,1.42,Active
RT_00342,HOSP_003,Hospital,HOSP_012,Hospital,4.75,8.8,60,1.17,Active
RT_00343,HOSP_003,Hospital,HOSP_013,Hospital,10.53,19.5,40,1.17,Active
RT_00344,HOSP_003,Hospital,HOSP_014,Hospital,22.74,46.0,40,1.28,Active
RT_00345,HOSP_003,Hospital,HOSP_016,Hospital,16.68,32.7,20,1.24,Active
RT_00346,HOSP_003,Hospital,HOSP_020,Hospital,19.23,36.4,20,1.2,Congested
RT_00347,HOSP_003,Hospital,HOSP_021,Hospital,10.24,17.5,30,1.08,Active
RT_00348,HOSP_003,Hospital,HOSP_022,Hospital,10.11,20.3,30,1.27,Active
RT_00349,HOSP_003,Hospital,HOSP_024,Hospital,16.15,31.1,40,1.22,Active
RT_00350,HOSP_003,Hospital,HOSP_027,Hospital,6.06,10.7,30,1.12,Active
RT_00351,HOSP_004,Hospital,HOSP_001,Hospital,12.39,22.5,30,1.15,Active
RT_00352,HOSP_004,Hospital,HOSP_002,Hospital,5.98,11.9,20,1.26,Active
RT_00353,HOSP_004,Hospital,HOSP_003,Hospital,8.83,17.0,40,1.22,Active
RT_00354,HOSP_004,Hospital,HOSP_005,Hospital,13.67,28.7,30,1.33,Active
RT_00355,HOSP_004,Hospital,HOSP_006,Hospital,15.89,32.9,60,1.31,Active
RT_00356,HOSP_004,Hospital,HOSP_007,Hospital,12.23,20.9,20,1.08,Active
RT_00357,HOSP_004,Hospital,HOSP_008,Hospital,6.87,13.2,60,1.22,Active
RT_00358,HOSP_004,Hospital,HOSP_011,Hospital,21.43,45.0,60,1.33,Active
RT_00359,HOSP_004,Hospital,HOSP_012,Hospital,10.47,21.2,60,1.28,Active
RT_00360,HOSP_004,Hospital,HOSP_013,Hospital,2.27,5.1,30,1.42,Active
RT_00361,HOSP_004,Hospital,HOSP_016,Hospital,17.14,36.8,40,1.36,Active
RT_00362,HOSP_004,Hospital,HOSP_020,Hospital,21.03,39.8,40,1.2,Active
RT_00363,HOSP_004,Hospital,HOSP_021,Hospital,12.07,21.2,60,1.11,Active
RT_00364,HOSP_004,Hospital,HOSP_022,Hospital,1.38,2.9,60,1.32,Active
RT_00365,HOSP_004,Hospital,HOSP_024,Hospital,7.72,13.8,60,1.13,Active
RT_00366,HOSP_004,Hospital,HOSP_027,Hospital,9.0,16.5,30,1.16,Active
RT_00367,HOSP_004,Hospital,HOSP_028,Hospital,13.97,28.5,40,1.29,Active
RT_00368,HOSP_005,Hospital,HOSP_001,Hospital,26.05,53.5,60,1.3,Active
RT_00369,HOSP_005,Hospital,HOSP_002,Hospital,19.31,40.6,20,1.33,Congested
RT_00370,HOSP_005,Hospital,HOSP_003,Hospital,10.45,20.5,20,1.24,Active
RT_00371,HOSP_005,Hospital,HOSP_004,Hospital,13.67,23.5,60,1.09,Active
RT_00372,HOSP_005,Hospital,HOSP_006,Hospital,27.3,63.4,40,1.47,Active
RT_00373,HOSP_005,Hospital,HOSP_007,Hospital,1.89,4.1,30,1.36,Active
RT_00374,HOSP_005,Hospital,HOSP_008,Hospital,17.53,41.0,40,1.48,Active
RT_00375,HOSP_005,Hospital,HOSP_012,Hospital,15.18,34.8,20,1.45,Active
RT_00376,HOSP_005,Hospital,HOSP_013,Hospital,15.94,34.0,60,1.35,Congested
RT_00377,HOSP_005,Hospital,HOSP_014,Hospital,14.97,26.2,60,1.11,Active
RT_00378,HOSP_005,Hospital,HOSP_016,Hospital,26.99,56.3,40,1.32,Active
RT_00379,HOSP_005,Hospital,HOSP_019,Hospital,27.89,49.8,40,1.13,Active
RT_00380,HOSP_005,Hospital,HOSP_021,Hospital,2.13,4.4,30,1.32,Active
RT_00381,HOSP_005,Hospital,HOSP_022,Hospital,14.93,25.7,30,1.09,Active
RT_00382,HOSP_005,Hospital,HOSP_024,Hospital,17.34,34.5,30,1.26,Active
RT_00383,HOSP_005,Hospital,HOSP_027,Hospital,5.07,8.6,30,1.08,Active
RT_00384,HOSP_005,Hospital,HOSP_028,Hospital,27.57,64.4,20,1.48,Congested
RT_00385,HOSP_006,Hospital,HOSP_001,Hospital,10.9,23.9,30,1.39,Active
RT_00386,HOSP_006,Hospital,HOSP_002,Hospital,14.79,26.4,40,1.13,Active
RT_00387,HOSP_006,Hospital,HOSP_003,Hospital,17.47,35.3,20,1.28,Active
RT_00388,HOSP_006,Hospital,HOSP_004,Hospital,15.89,35.6,20,1.42,Active
RT_00389,HOSP_006,Hospital,HOSP_005,Hospital,27.3,57.8,20,1.34,Active
RT_00390,HOSP_006,Hospital,HOSP_007,Hospital,25.46,51.1,60,1.27,Active
RT_00391,HOSP_006,Hospital,HOSP_008,Hospital,9.84,22.2,40,1.43,Congested
RT_00392,HOSP_006,Hospital,HOSP_011,Hospital,7.8,15.3,40,1.24,Active
RT_00393,HOSP_006,Hospital,HOSP_012,Hospital,13.65,26.3,60,1.22,Active
RT_00394,HOSP_006,Hospital,HOSP_013,Hospital,14.5,29.8,30,1.3,Active
RT_00395,HOSP_006,Hospital,HOSP_016,Hospital,3.91,9.1,20,1.47,Active
RT_00396,HOSP_006,Hospital,HOSP_017,Hospital,20.75,47.8,40,1.46,Active
RT_00397,HOSP_006,Hospital,HOSP_020,Hospital,7.88,17.3,30,1.39,Active
RT_00398,HOSP_006,Hospital,HOSP_021,Hospital,26.38,46.7,30,1.12,Active
RT_00399,HOSP_006,Hospital,HOSP_022,Hospital,15.49,29.3,40,1.2,Active
RT_00400,HOSP_006,Hospital,HOSP_024,Hospital,20.87,44.2,20,1.34,Active
RT_00401,HOSP_006,Hospital,HOSP_025,Hospital,27.34,54.4,40,1.26,Active
RT_00402,HOSP_006,Hospital,HOSP_026,Hospital,8.49,15.3,20,1.14,Active
RT_00403,HOSP_006,Hospital,HOSP_027,Hospital,22.27,45.0,40,1.28,Active
RT_00404,HOSP_006,Hospital,HOSP_028,Hospital,9.62,18.4,20,1.21,Active
RT_00405,HOSP_007,Hospital,HOSP_001,Hospital,24.57,52.0,30,1.34,Active
RT_00406,HOSP_007,Hospital,HOSP_002,Hospital,18.02,40.7,30,1.43,Active
RT_00407,HOSP_007,Hospital,HOSP_003,Hospital,8.56,18.4,30,1.36,Disrupted
RT_00408,HOSP_007,Hospital,HOSP_004,Hospital,12.23,24.5,20,1.27,Active
RT_00409,HOSP_007,Hospital,HOSP_005,Hospital,1.89,4.0,20,1.34,Active
RT_00410,HOSP_007,Hospital,HOSP_006,Hospital,25.46,54.7,30,1.36,Active
RT_00411,HOSP_007,Hospital,HOSP_008,Hospital,15.73,34.3,60,1.38,Active
RT_00412,HOSP_007,Hospital,HOSP_012,Hospital,13.29,25.8,30,1.23,Active
RT_00413,HOSP_007,Hospital,HOSP_013,Hospital,14.51,30.7,30,1.34,Active
RT_00414,HOSP_007,Hospital,HOSP_014,Hospital,16.2,34.3,30,1.34,Active
RT_00415,HOSP_007,Hospital,HOSP_016,Hospital,25.1,43.2,40,1.09,Active
RT_00416,HOSP_007,Hospital,HOSP_020,Hospital,27.79,51.8,60,1.18,Active
RT_00417,HOSP_007,Hospital,HOSP_021,Hospital,2.49,4.7,20,1.19,Active
RT_00418,HOSP_007,Hospital,HOSP_022,Hospital,13.54,23.1,60,1.08,Active
RT_00419,HOSP_007,Hospital,HOSP_024,Hospital,16.58,30.6,60,1.17,Active
RT_00420,HOSP_007,Hospital,HOSP_027,Hospital,3.35,6.7,60,1.27,Active
RT_00421,HOSP_007,Hospital,HOSP_028,Hospital,26.02,61.6,40,1.5,Active
RT_00422,HOSP_008,Hospital,HOSP_001,Hospital,11.35,24.9,40,1.39,Active
RT_00423,HOSP_008,Hospital,HOSP_002,Hospital,9.15,17.6,60,1.22,Active
RT_00424,HOSP_008,Hospital,HOSP_003,Hospital,8.38,14.7,20,1.11,Active
RT_00425,HOSP_008,Hospital,HOSP_004,Hospital,6.87,14.3,20,1.32,Active
RT_00426,HOSP_008,Hospital,HOSP_005,Hospital,17.53,36.0,30,1.3,Active
RT_00427,HOSP_008,Hospital,HOSP_006,Hospital,9.84,18.0,60,1.16,Active
RT_00428,HOSP_008,Hospital,HOSP_007,Hospital,15.73,28.1,30,1.13,Active
RT_00429,HOSP_008,Hospital,HOSP_011,Hospital,14.59,25.6,30,1.11,Active
RT_00430,HOSP_008,Hospital,HOSP_012,Hospital,6.39,13.0,30,1.29,Active
RT_00431,HOSP_008,Hospital,HOSP_013,Hospital,6.5,11.1,30,1.08,Active
RT_00432,HOSP_008,Hospital,HOSP_016,Hospital,10.41,24.2,60,1.47,Active
RT_00433,HOSP_008,Hospital,HOSP_020,Hospital,14.17,27.7,30,1.24,Active
RT_00434,HOSP_008,Hospital,HOSP_021,Hospital,16.55,30.3,20,1.16,Active
RT_00435,HOSP_008,Hospital,HOSP_022,Hospital,7.08,15.8,40,1.41,Active
RT_00436,HOSP_008,Hospital,HOSP_024,Hospital,13.81,27.0,40,1.24,Disrupted
RT_00437,HOSP_008,Hospital,HOSP_026,Hospital,17.44,30.0,20,1.09,Active
RT_00438,HOSP_008,Hospital,HOSP_027,Hospital,12.48,23.6,40,1.2,Active
RT_00439,HOSP_008,Hospital,HOSP_028,Hospital,11.94,24.9,60,1.32,Active
RT_00440,HOSP_009,Hospital,HOSP_014,Hospital,26.56,51.6,20,1.23,Active
RT_00441,HOSP_010,Hospital,HOSP_014,Hospital,19.21,39.7,30,1.31,Active
RT_00442,HOSP_010,Hospital,HOSP_015,Hospital,18.78,44.2,20,1.49,Active
RT_00443,HOSP_011,Hospital,HOSP_001,Hospital,18.69,38.4,60,1.3,Active
RT_00444,HOSP_011,Hospital,HOSP_002,Hospital,21.81,39.9,30,1.16,Active
RT_00445,HOSP_011,Hospital,HOSP_003,Hospital,19.86,46.4,40,1.48,Active
RT_00446,HOSP_011,Hospital,HOSP_004,Hospital,21.43,40.3,30,1.19,Active
RT_00447,HOSP_011,Hospital,HOSP_006,Hospital,7.8,15.8,20,1.28,Active
RT_00448,HOSP_011,Hospital,HOSP_008,Hospital,14.59,32.0,20,1.39,Active
RT_00449,HOSP_011,Hospital,HOSP_012,Hospital,15.18,30.9,20,1.29,Active
RT_00450,HOSP_011,Hospital,HOSP_013,Hospital,20.62,37.8,60,1.16,Active
RT_00451,HOSP_011,Hospital,HOSP_016,Hospital,4.51,7.8,30,1.09,Active
RT_00452,HOSP_011,Hospital,HOSP_017,Hospital,18.75,33.5,40,1.13,Active
RT_00453,HOSP_011,Hospital,HOSP_020,Hospital,1.0,2.2,20,1.38,Congested
RT_00454,HOSP_011,Hospital,HOSP_022,Hospital,21.43,47.0,40,1.39,Active
RT_00455,HOSP_011,Hospital,HOSP_024,Hospital,27.61,52.7,30,1.21,Active
RT_00456,HOSP_011,Hospital,HOSP_026,Hospital,12.91,28.9,30,1.42,Active
RT_00457,HOSP_011,Hospital,HOSP_027,Hospital,25.62,51.4,30,1.27,Active
RT_00458,HOSP_011,Hospital,HOSP_028,Hospital,17.39,38.2,30,1.39,Active
RT_00459,HOSP_012,Hospital,HOSP_001,Hospital,17.72,34.7,20,1.24,Active
RT_00460,HOSP_012,Hospital,HOSP_002,Hospital,14.85,27.9,20,1.19,Active
RT_00461,HOSP_012,Hospital,HOSP_003,Hospital,4.75,9.2,40,1.22,Active
RT_00462,HOSP_012,Hospital,HOSP_004,Hospital,10.47,23.8,60,1.44,Active
RT_00463,HOSP_012,Hospital,HOSP_005,Hospital,15.18,26.4,40,1.1,Active
RT_00464,HOSP_012,Hospital,HOSP_006,Hospital,13.65,23.7,20,1.1,Active
RT_00465,HOSP_012,Hospital,HOSP_007,Hospital,13.29,29.4,40,1.4,Active
RT_00466,HOSP_012,Hospital,HOSP_008,Hospital,6.39,14.5,40,1.44,Active
RT_00467,HOSP_012,Hospital,HOSP_011,Hospital,15.18,27.1,20,1.13,Active
RT_00468,HOSP_012,Hospital,HOSP_013,Hospital,11.36,20.4,40,1.14,Active
RT_00469,HOSP_012,Hospital,HOSP_014,Hospital,26.62,45.8,60,1.09,Active
RT_00470,HOSP_012,Hospital,HOSP_016,Hospital,12.28,24.8,20,1.28,Active
RT_00471,HOSP_012,Hospital,HOSP_020,Hospital,14.54,25.7,20,1.12,Active
RT_00472,HOSP_012,Hospital,HOSP_021,Hospital,14.97,35.0,30,1.48,Active
RT_00473,HOSP_012,Hospital,HOSP_022,Hospital,11.4,24.3,60,1.35,Active
RT_00474,HOSP_012,Hospital,HOSP_027,Hospital,10.75,21.4,40,1.26,Active
RT_00475,HOSP_013,Hospital,HOSP_001,Hospital,10.13,23.7,30,1.48,Active
RT_00476,HOSP_013,Hospital,HOSP_002,Hospital,3.92,7.2,20,1.17,Active
RT_00477,HOSP_013,Hospital,HOSP_003,Hospital,10.53,23.9,30,1.44,Active
RT_00478,HOSP_013,Hospital,HOSP_004,Hospital,2.27,4.6,30,1.28,Active
RT_00479,HOSP_013,Hospital,HOSP_005,Hospital,15.94,28.7,30,1.14,Active
RT_00480,HOSP_013,Hospital,HOSP_006,Hospital,14.5,30.9,30,1.35,Active
RT_00481,HOSP_013,Hospital,HOSP_007,Hospital,14.51,28.6,30,1.25,Disrupted
RT_00482,HOSP_013,Hospital,HOSP_008,Hospital,6.5,11.7,60,1.14,Active
RT_00483,HOSP_013,Hospital,HOSP_011,Hospital,20.62,44.6,40,1.37,Active
RT_00484,HOSP_013,Hospital,HOSP_012,Hospital,11.36,21.3,40,1.19,Active
RT_00485,HOSP_013,Hospital,HOSP_016,Hospital,16.2,37.6,60,1.47,Active
RT_00486,HOSP_013,Hospital,HOSP_020,Hospital,20.29,43.2,20,1.35,Active
RT_00487,HOSP_013,Hospital,HOSP_021,Hospital,14.31,24.4,30,1.08,Active
RT_00488,HOSP_013,Hospital,HOSP_022,Hospital,1.11,2.2,60,1.23,Active
RT_00489,HOSP_013,Hospital,HOSP_024,Hospital,7.31,14.3,20,1.24,Active
RT_00490,HOSP_013,Hospital,HOSP_027,Hospital,11.26,19.9,30,1.12,Active
RT_00491,HOSP_013,Hospital,HOSP_028,Hospital,11.76,26.9,60,1.45,Active
RT_00492,HOSP_014,Hospital,HOSP_003,Hospital,22.74,51.3,60,1.43,Active
RT_00493,HOSP_014,Hospital,HOSP_005,Hospital,14.97,31.0,40,1.31,Active
RT_00494,HOSP_014,Hospital,HOSP_007,Hospital,16.2,37.3,40,1.46,Active
RT_00495,HOSP_014,Hospital,HOSP_009,Hospital,26.56,58.7,20,1.4,Active
RT_00496,HOSP_014,Hospital,HOSP_010,Hospital,19.21,33.1,30,1.09,Active
RT_00497,HOSP_014,Hospital,HOSP_012,Hospital,26.62,59.7,20,1.42,Active
RT_00498,HOSP_014,Hospital,HOSP_019,Hospital,24.54,50.4,40,1.3,Congested
RT_00499,HOSP_014,Hospital,HOSP_021,Hospital,16.93,29.7,20,1.11,Active
RT_00500,HOSP_014,Hospital,HOSP_027,Hospital,19.45,43.6,30,1.42,Active
RT_00501,HOSP_015,Hospital,HOSP_010,Hospital,18.78,42.4,30,1.43,Active
RT_00502,HOSP_016,Hospital,HOSP_001,Hospital,14.5,29.8,30,1.3,Active
RT_00503,HOSP_016,Hospital,HOSP_002,Hospital,17.3,39.1,20,1.43,Active
RT_00504,HOSP_016,Hospital,HOSP_003,Hospital,16.68,31.3,20,1.19,Active
RT_00505,HOSP_016,Hospital,HOSP_004,Hospital,17.14,31.1,20,1.15,Active
RT_00506,HOSP_016,Hospital,HOSP_005,Hospital,26.99,47.3,40,1.11,Active
RT_00507,HOSP_016,Hospital,HOSP_006,Hospital,3.91,8.2,40,1.33,Active
RT_00508,HOSP_016,Hospital,HOSP_007,Hospital,25.1,44.8,20,1.13,Active
RT_00509,HOSP_016,Hospital,HOSP_008,Hospital,10.41,24.7,60,1.5,Active
RT_00510,HOSP_016,Hospital,HOSP_011,Hospital,4.51,7.8,20,1.09,Active
RT_00511,HOSP_016,Hospital,HOSP_012,Hospital,12.28,25.6,20,1.32,Active
RT_00512,HOSP_016,Hospital,HOSP_013,Hospital,16.2,35.0,20,1.37,Active
RT_00513,HOSP_016,Hospital,HOSP_017,Hospital,21.0,41.8,60,1.26,Active
RT_00514,HOSP_016,Hospital,HOSP_020,Hospital,4.35,7.8,60,1.13,Active
RT_00515,HOSP_016,Hospital,HOSP_021,Hospital,26.37,57.5,30,1.38,Active
RT_00516,HOSP_016,Hospital,HOSP_022,Hospital,17.05,38.5,20,1.43,Active
RT_00517,HOSP_016,Hospital,HOSP_024,Hospital,23.12,44.2,20,1.21,Active
RT_00518,HOSP_016,Hospital,HOSP_026,Hospital,11.35,25.1,20,1.4,Active
RT_00519,HOSP_016,Hospital,HOSP_027,Hospital,22.12,46.1,60,1.32,Active
RT_00520,HOSP_016,Hospital,HOSP_028,Hospital,13.41,23.7,20,1.12,Active
RT_00521,HOSP_017,Hospital,HOSP_001,Hospital,27.65,53.7,40,1.23,Active
RT_00522,HOSP_017,Hospital,HOSP_006,Hospital,20.75,40.6,30,1.24,Active
RT_00523,HOSP_017,Hospital,HOSP_011,Hospital,18.75,38.5,30,1.3,Active
RT_00524,HOSP_017,Hospital,HOSP_016,Hospital,21.0,36.5,60,1.1,Active
RT_00525,HOSP_017,Hospital,HOSP_020,Hospital,19.49,36.0,20,1.17,Active
RT_00526,HOSP_017,Hospital,HOSP_023,Hospital,25.21,47.8,20,1.2,Active
RT_00527,HOSP_017,Hospital,HOSP_026,Hospital,15.32,28.1,40,1.16,Active
RT_00528,HOSP_017,Hospital,HOSP_028,Hospital,25.52,48.4,30,1.2,Active
RT_00529,HOSP_017,Hospital,HOSP_030,Hospital,13.04,25.5,40,1.24,Active
RT_00530,HOSP_019,Hospital,HOSP_005,Hospital,27.89,58.6,30,1.33,Active
RT_00531,HOSP_019,Hospital,HOSP_014,Hospital,24.54,47.7,60,1.23,Active
RT_00532,HOSP_020,Hospital,HOSP_001,Hospital,18.73,42.6,30,1.44,Active
RT_00533,HOSP_020,Hospital,HOSP_002,Hospital,21.6,50.5,30,1.48,Congested
RT_00534,HOSP_020,Hospital,HOSP_003,Hospital,19.23,42.2,60,1.39,Active
RT_00535,HOSP_020,Hospital,HOSP_004,Hospital,21.03,40.8,30,1.23,Active
RT_00536,HOSP_020,Hospital,HOSP_006,Hospital,7.88,14.9,60,1.2,Active
RT_00537,HOSP_020,Hospital,HOSP_007,Hospital,27.79,60.6,30,1.38,Active
RT_00538,HOSP_020,Hospital,HOSP_008,Hospital,14.17,29.1,30,1.3,Active
RT_00539,HOSP_020,Hospital,HOSP_011,Hospital,1.0,1.9,60,1.19,Active
RT_00540,HOSP_020,Hospital,HOSP_012,Hospital,14.54,30.5,20,1.33,Active
RT_00541,HOSP_020,Hospital,HOSP_013,Hospital,20.29,35.6,20,1.11,Active
RT_00542,HOSP_020,Hospital,HOSP_016,Hospital,4.35,10.2,40,1.49,Active
RT_00543,HOSP_020,Hospital,HOSP_017,Hospital,19.49,39.7,30,1.29,Active
RT_00544,HOSP_020,Hospital,HOSP_022,Hospital,21.07,38.6,20,1.16,Active
RT_00545,HOSP_020,Hospital,HOSP_024,Hospital,27.34,60.4,20,1.4,Active
RT_00546,HOSP_020,Hospital,HOSP_026,Hospital,13.43,30.5,60,1.44,Active
RT_00547,HOSP_020,Hospital,HOSP_027,Hospital,25.04,49.4,60,1.25,Active
RT_00548,HOSP_020,Hospital,HOSP_028,Hospital,17.5,35.9,40,1.3,Active
RT_00549,HOSP_021,Hospital,HOSP_002,Hospital,17.52,35.1,60,1.27,Active
RT_00550,HOSP_021,Hospital,HOSP_003,Hospital,10.24,23.8,20,1.47,Active
RT_00551,HOSP_021,Hospital,HOSP_004,Hospital,12.07,26.9,60,1.41,Active
RT_00552,HOSP_021,Hospital,HOSP_005,Hospital,2.13,4.9,60,1.45,Active
RT_00553,HOSP_021,Hospital,HOSP_006,Hospital,26.38,61.2,30,1.47,Active
RT_00554,HOSP_021,Hospital,HOSP_007,Hospital,2.49,5.2,30,1.31,Active
RT_00555,HOSP_021,Hospital,HOSP_008,Hospital,16.55,31.1,20,1.19,Active
RT_00556,HOSP_021,Hospital,HOSP_012,Hospital,14.97,33.1,30,1.4,Disrupted
RT_00557,HOSP_021,Hospital,HOSP_013,Hospital,14.31,30.3,60,1.34,Active
RT_00558,HOSP_021,Hospital,HOSP_014,Hospital,16.93,35.0,40,1.31,Active
RT_00559,HOSP_021,Hospital,HOSP_016,Hospital,26.37,51.6,20,1.24,Active
RT_00560,HOSP_021,Hospital,HOSP_022,Hospital,13.26,27.6,60,1.32,Active
RT_00561,HOSP_021,Hospital,HOSP_024,Hospital,15.27,34.2,40,1.42,Active
RT_00562,HOSP_021,Hospital,HOSP_027,Hospital,4.27,9.0,30,1.33,Active
RT_00563,HOSP_022,Hospital,HOSP_001,Hospital,11.18,19.9,60,1.13,Active
RT_00564,HOSP_022,Hospital,HOSP_002,Hospital,4.6,10.7,20,1.48,Active
RT_00565,HOSP_022,Hospital,HOSP_003,Hospital,10.11,20.0,40,1.25,Active
RT_00566,HOSP_022,Hospital,HOSP_004,Hospital,1.38,2.6,30,1.2,Active
RT_00567,HOSP_022,Hospital,HOSP_005,Hospital,14.93,33.9,30,1.44,Active
RT_00568,HOSP_022,Hospital,HOSP_006,Hospital,15.49,27.9,20,1.14,Active
RT_00569,HOSP_022,Hospital,HOSP_007,Hospital,13.54,31.2,60,1.46,Active
RT_00570,HOSP_022,Hospital,HOSP_008,Hospital,7.08,16.1,20,1.44,Active
RT_00571,HOSP_022,Hospital,HOSP_011,Hospital,21.43,47.7,60,1.41,Active
RT_00572,HOSP_022,Hospital,HOSP_012,Hospital,11.4,21.2,20,1.18,Active
RT_00573,HOSP_022,Hospital,HOSP_013,Hospital,1.11,2.4,30,1.37,Active
RT_00574,HOSP_022,Hospital,HOSP_016,Hospital,17.05,39.3,40,1.46,Active
RT_00575,HOSP_022,Hospital,HOSP_020,Hospital,21.07,42.3,40,1.27,Active
RT_00576,HOSP_022,Hospital,HOSP_021,Hospital,13.26,28.1,40,1.34,Active
RT_00577,HOSP_022,Hospital,HOSP_024,Hospital,6.9,13.5,60,1.24,Active
RT_00578,HOSP_022,Hospital,HOSP_026,Hospital,21.43,44.7,20,1.32,Active
RT_00579,HOSP_022,Hospital,HOSP_027,Hospital,10.34,23.7,20,1.45,Active
RT_00580,HOSP_022,Hospital,HOSP_028,Hospital,12.85,25.6,40,1.26,Active
RT_00581,HOSP_023,Hospital,HOSP_017,Hospital,25.21,52.1,20,1.31,Active
RT_00582,HOSP_023,Hospital,HOSP_029,Hospital,15.21,33.9,20,1.41,Active
RT_00583,HOSP_023,Hospital,HOSP_030,Hospital,14.87,26.5,30,1.13,Active
RT_00584,HOSP_024,Hospital,HOSP_001,Hospital,13.06,30.7,20,1.49,Active
RT_00585,HOSP_024,Hospital,HOSP_002,Hospital,6.18,12.7,30,1.3,Active
RT_00586,HOSP_024,Hospital,HOSP_003,Hospital,16.15,32.4,30,1.27,Active
RT_00587,HOSP_024,Hospital,HOSP_004,Hospital,7.72,13.8,20,1.13,Active
RT_00588,HOSP_024,Hospital,HOSP_005,Hospital,17.34,33.9,20,1.24,Active
RT_00589,HOSP_024,Hospital,HOSP_006,Hospital,20.87,42.8,60,1.3,Congested
RT_00590,HOSP_024,Hospital,HOSP_007,Hospital,16.58,34.3,30,1.31,Active
RT_00591,HOSP_024,Hospital,HOSP_008,Hospital,13.81,28.1,20,1.29,Active
RT_00592,HOSP_024,Hospital,HOSP_011,Hospital,27.61,52.3,60,1.2,Active
RT_00593,HOSP_024,Hospital,HOSP_013,Hospital,7.31,17.3,40,1.5,Active
RT_00594,HOSP_024,Hospital,HOSP_016,Hospital,23.12,42.0,30,1.15,Active
RT_00595,HOSP_024,Hospital,HOSP_020,Hospital,27.34,56.1,60,1.3,Active
RT_00596,HOSP_024,Hospital,HOSP_021,Hospital,15.27,26.5,20,1.1,Active
RT_00597,HOSP_024,Hospital,HOSP_022,Hospital,6.9,15.9,60,1.46,Active
RT_00598,HOSP_024,Hospital,HOSP_027,Hospital,14.11,28.5,40,1.28,Active
RT_00599,HOSP_024,Hospital,HOSP_028,Hospital,15.17,27.3,30,1.14,Active
RT_00600,HOSP_025,Hospital,HOSP_006,Hospital,27.34,63.0,40,1.46,Active
RT_00601,HOSP_026,Hospital,HOSP_001,Hospital,12.33,22.6,20,1.16,Active
RT_00602,HOSP_026,Hospital,HOSP_006,Hospital,8.49,17.7,40,1.32,Active
RT_00603,HOSP_026,Hospital,HOSP_008,Hospital,17.44,30.3,60,1.1,Active
RT_00604,HOSP_026,Hospital,HOSP_011,Hospital,12.91,28.1,60,1.38,Active
RT_00605,HOSP_026,Hospital,HOSP_016,Hospital,11.35,19.4,20,1.08,Active
RT_00606,HOSP_026,Hospital,HOSP_017,Hospital,15.32,28.8,20,1.19,Active
RT_00607,HOSP_026,Hospital,HOSP_020,Hospital,13.43,24.0,60,1.13,Active
RT_00608,HOSP_026,Hospital,HOSP_022,Hospital,21.43,49.1,60,1.45,Active
RT_00609,HOSP_026,Hospital,HOSP_028,Hospital,10.21,20.0,60,1.24,Active
RT_00610,HOSP_027,Hospital,HOSP_001,Hospital,21.27,40.0,30,1.19,Active
RT_00611,HOSP_027,Hospital,HOSP_002,Hospital,14.88,29.8,40,1.27,Active
RT_00612,HOSP_027,Hospital,HOSP_003,Hospital,6.06,13.2,30,1.38,Active
RT_00613,HOSP_027,Hospital,HOSP_004,Hospital,9.0,16.1,40,1.13,Active
RT_00614,HOSP_027,Hospital,HOSP_005,Hospital,5.07,9.3,40,1.16,Active
RT_00615,HOSP_027,Hospital,HOSP_006,Hospital,22.27,44.3,20,1.26,Disrupted
RT_00616,HOSP_027,Hospital,HOSP_007,Hospital,3.35,6.9,30,1.31,Active
RT_00617,HOSP_027,Hospital,HOSP_008,Hospital,12.48,29.0,60,1.47,Active
RT_00618,HOSP_027,Hospital,HOSP_011,Hospital,25.62,47.3,20,1.17,Active
RT_00619,HOSP_027,Hospital,HOSP_012,Hospital,10.75,24.6,40,1.45,Active
RT_00620,HOSP_027,Hospital,HOSP_013,Hospital,11.26,25.8,40,1.45,Active
RT_00621,HOSP_027,Hospital,HOSP_014,Hospital,19.45,43.6,20,1.42,Active
RT_00622,HOSP_027,Hospital,HOSP_016,Hospital,22.12,48.9,60,1.4,Active
RT_00623,HOSP_027,Hospital,HOSP_020,Hospital,25.04,47.4,40,1.2,Active
RT_00624,HOSP_027,Hospital,HOSP_021,Hospital,4.27,8.9,30,1.32,Active
RT_00625,HOSP_027,Hospital,HOSP_022,Hospital,10.34,22.0,20,1.35,Congested
RT_00626,HOSP_027,Hospital,HOSP_024,Hospital,14.11,29.9,30,1.34,Active
RT_00627,HOSP_027,Hospital,HOSP_028,Hospital,22.68,53.0,40,1.48,Active
RT_00628,HOSP_028,Hospital,HOSP_001,Hospital,2.14,4.6,20,1.36,Active
RT_00629,HOSP_028,Hospital,HOSP_002,Hospital,9.42,21.9,30,1.47,Active
RT_00630,HOSP_028,Hospital,HOSP_004,Hospital,13.97,25.4,60,1.15,Congested
RT_00631,HOSP_028,Hospital,HOSP_005,Hospital,27.57,59.6,60,1.37,Active
RT_00632,HOSP_028,Hospital,HOSP_006,Hospital,9.62,17.5,40,1.15,Active
RT_00633,HOSP_028,Hospital,HOSP_007,Hospital,26.02,50.1,20,1.22,Active
RT_00634,HOSP_028,Hospital,HOSP_008,Hospital,11.94,22.8,60,1.21,Active
RT_00635,HOSP_028,Hospital,HOSP_011,Hospital,17.39,37.9,40,1.38,Active
RT_00636,HOSP_028,Hospital,HOSP_013,Hospital,11.76,21.9,20,1.18,Congested
RT_00637,HOSP_028,Hospital,HOSP_016,Hospital,13.41,27.1,20,1.28,Active
RT_00638,HOSP_028,Hospital,HOSP_017,Hospital,25.52,48.0,60,1.19,Active
RT_00639,HOSP_028,Hospital,HOSP_020,Hospital,17.5,37.9,40,1.37,Active
RT_00640,HOSP_028,Hospital,HOSP_022,Hospital,12.85,22.9,30,1.13,Active
RT_00641,HOSP_028,Hospital,HOSP_024,Hospital,15.17,29.2,20,1.22,Active
RT_00642,HOSP_028,Hospital,HOSP_026,Hospital,10.21,17.4,60,1.08,Active
RT_00643,HOSP_028,Hospital,HOSP_027,Hospital,22.68,46.2,20,1.29,Active
RT_00644,HOSP_029,Hospital,HOSP_023,Hospital,15.21,35.8,40,1.49,Active
RT_00645,HOSP_030,Hospital,HOSP_017,Hospital,13.04,30.7,40,1.49,Active
RT_00646,HOSP_030,Hospital,HOSP_023,Hospital,14.87,30.1,40,1.28,Active
